loyalty,satisfaction,Involvement_1,Involvement_2,Involvement_3,Involvement_4,Emo_1,Emo_2,Emo_3,Calc_1,Calc_2,Calc_3,Calc_4,Calc_5,trust_1,trust_2,trust_3,image_1,image_2,image_3,image_4,image_5,educ,gender,age,Involvement,Emotional,Calculative,Trust,Image
1,3,5,5,5,5,3,3,2,1,1,1,5,1,2,3,3,3,3,3,3,4,4,2,2,20,8,9,8,16
1,1,1,2,3,1,1,1,1,3,5,1,3,5,3,1,1,3,1,1,3,1,4,1,6,7,3,17,5,9
1,1,4,5,5,3,1,1,1,3,3,1,4,1,1,2,1,3,1,2,4,3,4,1,1,17,3,12,4,13
1,2,5,1,1,4,1,1,1,1,1,1,1,1,1,1,1,1,1,2,2,1,4,1,6,11,3,5,3,7
1,2,3,5,2,2,1,2,1,3,3,1,3,1,1,1,1,1,1,5,1,2,6,2,4,12,4,11,3,10
1,3,5,1,5,5,2,3,3,1,3,1,2,1,1,2,3,2,3,3,4,4,4,2,4,16,8,8,6,16
1,3,2,1,2,2,2,2,3,3,1,2,1,1,2,2,4,2,2,3,3,3,2,2,4,7,7,8,8,13
2,4,5,5,5,5,3,3,1,2,3,1,5,2,4,3,4,3,4,3,3,3,3,1,6,20,7,13,11,16
3,3,2,5,5,5,3,2,3,3,3,1,5,3,3,2,3,3,2,3,2,4,7,2,1,17,8,15,8,14
3,3,4,1,2,3,1,3,3,3,3,1,3,3,3,3,3,3,3,3,4,3,5,2,1,10,7,13,9,16
3,3,3,5,4,2,3,3,3,3,3,2,4,4,3,3,4,3,3,3,3,4,7,2,3,14,9,16,10,16
3,3,3,5,4,2,3,3,3,2,3,2,4,3,2,4,4,4,3,3,3,4,6,2,4,14,9,14,10,17
3,3,2,4,4,2,1,3,3,3,1,2,4,4,3,3,3,3,3,1,2,3,6,2,2,12,7,14,9,12
3,3,1,1,1,1,1,3,3,3,3,2,1,4,3,3,3,3,3,4,3,3,6,1,4,4,7,13,9,16
3,3,4,5,3,3,3,3,3,3,3,1,1,1,1,3,3,3,3,3,3,3,7,1,5,15,9,9,7,15
3,3,1,5,4,1,3,3,3,3,3,2,4,3,2,4,3,4,4,5,5,4,6,2,3,11,9,15,9,22
3,3,1,1,1,1,3,3,3,3,3,3,1,3,3,3,3,3,3,3,3,3,2,1,4,4,9,13,9,15
3,3,3,4,2,4,1,1,3,3,5,1,4,5,1,1,1,2,1,3,2,1,4,2,3,13,5,18,3,9
3,3,3,3,4,3,4,4,3,2,1,4,3,4,2,2,3,1,2,4,4,3,6,2,4,13,11,14,7,14
3,3,2,4,2,2,3,3,3,1,4,2,2,1,3,3,5,3,3,3,4,5,6,2,4,10,9,10,11,18
3,3,5,5,5,5,3,3,3,3,4,2,5,1,3,5,4,3,2,5,3,4,6,1,4,20,9,15,12,17
3,2,2,3,3,2,1,2,2,3,3,2,1,5,1,2,2,1,1,1,2,2,2,2,5,10,5,14,5,7
3,3,1,5,1,1,1,1,3,3,3,1,5,3,1,1,3,1,1,3,3,4,2,1,6,8,5,15,5,12
3,3,3,5,5,1,4,3,3,3,3,1,1,2,3,3,4,3,3,4,3,4,4,2,3,14,10,10,10,17
4,4,4,4,3,3,3,3,3,3,2,2,3,4,1,3,4,3,4,3,5,4,5,1,4,14,9,14,8,19
4,4,2,3,4,3,3,4,3,3,5,1,2,3,1,4,5,3,3,4,4,5,6,1,5,12,10,14,10,19
4,4,4,5,5,4,4,3,3,2,3,2,4,2,3,3,3,3,3,5,3,3,4,1,5,18,10,13,9,17
4,5,3,5,5,5,5,5,3,3,5,3,5,5,3,5,5,3,3,5,5,5,4,1,5,18,13,21,13,21
4,4,2,4,4,2,3,4,3,2,3,1,3,3,1,4,5,3,3,4,4,4,7,1,2,12,10,12,10,18
4,4,1,3,3,1,3,3,3,3,3,2,3,1,3,3,4,3,3,4,3,4,4,2,2,8,9,12,10,17
4,4,2,5,5,2,3,3,3,4,2,3,1,2,2,4,5,3,1,4,4,5,7,2,2,14,9,12,11,17
4,4,1,1,1,2,4,3,3,3,4,3,4,4,3,3,4,3,4,4,4,4,3,1,6,5,10,18,10,19
4,4,4,3,3,2,3,3,2,2,3,3,4,4,2,4,3,3,3,5,5,5,4,1,6,12,8,16,9,21
4,4,2,2,2,2,1,1,1,4,1,1,5,2,1,3,2,3,1,2,2,2,5,1,5,8,3,13,6,10
4,4,3,3,1,2,2,4,3,1,3,1,1,2,3,4,4,2,3,3,4,3,6,1,7,9,9,8,11,15
4,4,1,5,5,5,3,5,3,5,3,2,5,2,3,4,4,3,2,4,5,4,5,2,1,16,11,17,11,18
4,4,2,3,2,1,3,4,3,3,3,2,3,2,3,4,4,3,3,4,4,4,3,2,3,8,10,13,11,18
4,4,3,2,2,1,3,4,3,3,2,2,1,3,2,3,4,4,3,4,3,4,6,2,2,8,10,11,9,18
4,4,2,5,3,5,3,4,3,3,4,1,5,4,4,4,4,5,3,4,4,3,4,1,6,15,10,17,12,19
4,4,1,3,3,3,3,4,3,3,3,3,3,3,3,3,3,3,3,3,3,3,3,1,4,10,10,15,9,15
4,5,2,5,5,5,2,4,3,2,2,3,1,3,1,1,2,1,1,3,2,1,2,2,4,17,9,11,4,8
4,4,2,3,2,3,2,3,3,3,2,3,3,4,2,4,4,3,3,4,4,4,5,1,1,10,8,15,10,18
4,4,5,5,5,5,3,3,1,4,3,1,4,2,2,4,4,3,3,4,4,4,7,2,2,20,7,14,10,18
4,4,3,4,5,3,3,3,3,3,2,1,4,3,3,3,4,3,3,4,3,4,4,1,4,15,9,13,10,17
4,4,2,5,1,1,3,3,2,1,1,1,3,1,2,4,3,2,2,4,3,3,3,2,5,9,8,7,9,14
4,4,4,2,3,3,4,4,5,3,3,3,3,3,3,1,5,4,4,4,3,4,4,1,7,12,13,15,9,19
4,5,5,5,5,5,4,5,4,5,2,1,4,1,4,4,4,4,4,4,4,5,7,2,2,20,13,13,12,21
4,5,5,5,5,4,3,4,4,3,3,3,4,4,3,4,4,3,3,4,4,3,4,2,4,19,11,17,11,17
4,4,3,3,4,4,5,4,4,5,5,3,3,4,5,4,3,4,3,4,4,4,1,2,1,14,13,20,12,19
4,4,4,5,4,5,3,4,2,1,3,4,4,3,2,3,3,2,2,3,3,3,4,1,5,18,9,15,8,13
4,4,3,5,5,2,3,3,3,1,3,2,2,2,2,3,3,3,3,3,4,3,4,1,4,15,9,10,8,16
4,4,3,4,4,3,3,4,2,3,3,2,3,2,4,4,3,4,3,3,3,4,5,2,4,14,9,13,11,17
4,4,5,5,4,4,4,4,3,2,3,2,4,2,4,4,4,4,4,4,4,4,3,2,4,18,11,13,12,20
4,4,1,2,3,1,3,3,2,3,4,3,3,2,3,3,3,3,3,3,3,4,4,2,5,7,8,15,9,16
4,4,3,3,2,1,3,3,1,3,4,3,3,2,3,3,3,3,3,3,3,3,4,1,6,9,7,15,9,15
4,4,4,3,3,4,3,3,3,4,5,1,1,5,5,4,5,4,3,5,5,5,7,2,5,14,9,16,14,22
4,4,2,4,4,4,4,3,3,1,2,2,5,2,3,4,4,3,3,3,4,4,5,1,2,14,10,12,11,17
4,4,5,5,5,5,3,3,3,2,1,2,4,1,4,4,4,4,4,4,4,1,4,2,4,20,9,10,12,17
4,4,2,3,2,2,5,5,4,3,3,3,3,4,3,4,4,4,4,5,4,4,3,2,5,9,14,16,11,21
4,4,1,3,1,1,3,3,3,3,3,3,2,1,3,5,3,3,3,2,3,3,4,2,5,6,9,12,11,14
4,4,1,3,3,1,3,3,3,3,3,3,3,4,2,3,3,4,2,3,3,4,7,2,2,8,9,16,8,16
4,4,3,4,3,4,2,2,3,1,1,2,3,3,1,2,3,2,3,4,5,5,3,2,3,14,7,10,6,19
4,4,4,4,4,5,4,3,4,3,3,3,4,3,3,5,5,5,5,5,5,4,6,1,2,17,11,16,13,24
4,4,4,2,2,1,3,3,3,2,3,3,5,4,2,3,3,3,3,3,2,4,7,2,2,9,9,17,8,15
4,5,3,3,3,2,5,5,4,3,2,3,2,3,3,5,5,3,5,5,3,5,6,2,6,11,14,13,13,21
4,5,3,3,3,5,5,5,4,3,3,1,2,3,4,5,5,5,5,5,4,5,2,1,1,14,14,12,14,24
4,4,1,5,4,4,4,4,4,2,1,1,3,2,3,5,4,4,4,3,3,4,4,2,2,14,12,9,12,18
4,5,4,5,5,1,3,4,3,3,3,1,4,5,3,4,4,4,3,4,4,4,6,2,5,15,10,16,11,19
4,5,5,5,5,5,4,4,3,2,2,2,5,2,3,3,4,3,4,3,4,4,3,2,3,20,11,13,10,18
5,3,1,1,1,4,1,1,3,3,5,3,1,4,1,1,3,3,1,3,1,3,7,1,5,7,5,16,5,11
5,2,5,5,5,5,1,3,2,4,5,2,5,2,4,1,1,1,1,2,4,2,5,2,4,20,6,18,6,10
6,4,5,5,5,5,5,4,4,4,4,4,3,3,4,4,4,4,4,4,4,4,6,2,2,20,13,18,12,20
6,5,3,5,5,5,3,4,3,3,2,3,2,1,3,3,4,3,4,4,4,4,6,2,2,18,10,11,10,19
6,4,3,5,4,3,3,3,3,3,3,3,4,1,3,3,4,3,4,3,3,5,6,1,4,15,9,14,10,18
6,5,1,3,3,1,5,5,3,3,5,1,2,3,3,5,5,5,5,5,5,5,4,2,5,8,13,14,13,25
6,4,1,3,1,3,3,5,3,3,5,3,3,1,3,4,3,3,3,4,4,4, ,1,2,8,11,15,10,18
6,4,1,5,4,1,3,4,3,3,3,1,1,5,3,5,4,3,3,4,5,4,4,1,3,11,10,13,12,19
6,4,5,4,4,5,3,3,3,3,4,3,4,3,3,3,3,4,4,4,3,5,4,2,6,18,9,17,9,20
6,5,1,1,1,1,5,5,4,3,3,2,1,1,3,5,5,3,3,5,5,5,4,1,5,4,14,10,13,21
6,4,2,3,3,2,3,3,3,3,2,3,4,2,3,4,3,3,3,4,3,4,6,2,3,10,9,14,10,17
6,5,3,5,4,3,3,3,3,2,2,3,3,3,4,5,3,3,5,3,3,5,6,2,4,15,9,13,12,19
6,4,3,3,2,3,3,3,3,2,3,2,1,2,3,3,3,3,3,3,3,3,7,2,2,11,9,10,9,15
6,4,1,2,2,1,1,3,3,3,3,3,1,1,3,5,5,3,3,5,3,5,6,1,5,6,7,11,13,19
6,4,3,4,4,3,4,4,3,3,3,3,5,3,4,4,4,4,4,4,4,5,4,2,4,14,11,17,12,21
6,5,5,3,3,3,5,5,5,2,3,2,2,3,3,4,5,3,4,5,4,5,6,1,5,14,15,12,12,21
6,4,4,4,4,4,2,3,4,3,4,2,1,2,4,4,4,3,4,5,5,5,5,1,2,16,9,12,12,22
6,4,3,3,3,3,5,4,3,3,3,3,1,3,3,4,4,4,4,5,4,4,4,1,4,12,12,13,11,21
6,5,3,5,5,2,4,5,4,3,3,4,4,1,3,3,4,4,3,4,5,5,7,2,2,15,13,15,10,21
6,5,5,5,5,5,5,5,5,5,1,5,1,1,5,5,5,1,5,5,5,5,3,1,5,20,15,13,15,21
6,5,3,3,3,3,5,5,5,3,2,4,1,2,4,5,5,5,5,5,5,5,5,1,6,12,15,12,14,25
6,5,5,5,5,5,5,5,4,4,3,2,4,4,5,5,5,5,5,5,5,5,6,2,2,20,14,17,15,25
6,4,5,1,1,1,4,4,5,3,5,3,1,4,3,4,4,4,3,4,4,4,4,1,5,8,13,16,11,19
6,4,1,1,1,1,3,3,3,3,3,2,1,5,3,3,4,3,3,3,3,4,6,2,4,4,9,14,10,16
6,4,3,4,4,2,4,5,4,4,3,3,3,3,4,5,5,3,5,5,4,5,3,1,6,13,13,16,14,22
6,5,3,2,3,3,4,5,4,3,5,3,5,3,3,5,5,5,5,5,5,1,6,1,6,11,13,19,13,21
6,4,4,4,1,2,1,4,3,3,3,1,4,1,1,3,2,3,3,5,3,4,5,1,2,11,8,12,6,18
6,4,4,5,3,5,3,4,1,1,3,2,1,1,4,4,4,3,4,4,4,4,4,2,3,17,8,8,12,19
6,4,4,4,4,5,5,5,4,3,2,1,4,1,4,3,5,3,5,5,5,5, ,1,6,17,14,11,12,23
6,5,4,4,4,4,5,4,5,4,5,1,4,4,5,5,4,5,5,5,4,4,4,1,2,16,14,18,14,23
6,4,3,4,4,3,3,4,4,2,3,2,4,3,4,4,5,3,5,4,4,5,6,1,4,14,11,14,13,21
6,4,3,5,3,2,3,4,3,1,5,2,5,4,3,4,5,3,3,4,4,4,4,1,2,13,10,17,12,18
6,4,4,4,4,4,4,2,4,1,3,3,3,5,2,3,5,4,2,3,2,3,4,2,2,16,10,15,10,14
6,4,1,5,5,4,3,3,1,3,3,2,3,1,2,2,3,3,3,3,1,3,4,1,5,15,7,12,7,13
6,5,4,5,5,5,4,4,3,3,3,3,2,1,4,5,5,3,5,4,4,4,5,2,4,19,11,12,14,20
6,5,2,4,4,3,4,4,3,3,2,3,4,4,2,3,3,3,4,4,3,4,3,1,7,13,11,16,8,18
6,4,4,4,3,4,4,3,3,3,3,2,3,3,3,4,2,3,4,3,3,3,3,2,5,15,10,14,9,16
6,4,2,4,4,4,5,4,3,3,3,3,3,3,3,5,4,3,5,5,4,5,4,2,5,14,12,15,12,22
6,5,3,3,5,3,3,3,3,3,3,3,4,3,3,3,3,3,3,4,3,4,4,2,6,14,9,16,9,17
6,5,5,1,4,5,3,5,1,1,1,1,3,1,1,5,3,3,3,5,5,5,5,1,7,15,9,7,9,21
6,5,4,4,4,5,5,5,5,4,3,3,2,2,4,5,5,3,4,5,5,5,4,2,5,17,15,14,14,22
6,5,1,2,2,1,3,4,4,3,3,3,1,4,4,5,5,5,4,3,4,5, ,2,3,6,11,14,14,21
6,4,3,3,5,3,5,5,3,3,3,3,1,3,3,5,5,5,5,5,5,5,5,2,7,14,13,13,13,25
6,4,1,1,1,2,3,3,1,2,4,3,2,3,2,4,3,4,4,3,3,3,4,2,6,5,7,14,9,17
6,4,3,5,1,5,5,5,4,2,3,3,3,1,4,5,5,3,5,4,3,5,2,2,6,14,14,12,14,20
6,4,2,2,2,2,4,5,5,3,3,3,2,1,3,4,5,4,5,4,5,4,6,2,4,8,14,12,12,22
6,4,5,5,5,5,3,3,3,3,3,3,3,3,3,3,3,3,3,3,3,3,5,2,3,20,9,15,9,15
6,4,3,3,2,3,5,5,3,3,3,1,1,5,5,5,4,3,5,5,3,3,4,2,2,11,13,13,14,19
6,5,2,2,3,2,4,4,3,1,3,3,2,1,3,5,5,3,4,5,5,4,2,1,5,9,11,10,13,21
6,5,3,1,1,3,3,3,1,1,5,2,1,1,3,3,3,3,3,3,3,3,1,2,6,8,7,10,9,15
6,5,5,5,5,5,5,5,3,2,3,1,4,1,5,5,5,5,5,5,5,5,4,2,4,20,13,11,15,25
6,4,3,3,2,2,4,4,4,3,2,3,2,2,3,4,4,4,4,4,4,4,6,1,5,10,12,12,11,20
6,5,5,1,1,4,4,5,5,3,5,3,4,3,5,5,5,5,5,5,5,5,7,1,1,11,14,18,15,25
6,5,5,5,5,5,5,5,4,4,5,1,5,3,5,5,5,5,5,5,5,5,2,2,5,20,14,18,15,25
6,5,3,4,4,3,4,4,3,3,3,4,3,2,3,4,4,3,3,4,4,4,4,2,4,14,11,15,11,18
6,4,5,5,4,4,5,5,3,3,3,2,1,2,4,5,5,4,4,5,4,5,5,2,7,18,13,11,14,22
6,5,4,3,2,3,5,4,3,3,3,3,3,3,3,4,5,3,3,5,5,5,2,2,3,12,12,15,12,21
6,5,1,2,1,1,3,4,3,2,4,2,4,4,1,3,4,3,3,5,4,4,7,1,4,5,10,16,8,19
6,4,5,5,5,5,3,3,3,4,2,4,3,1,2,5,3,4,3,2,5,4, ,1,7,20,9,14,10,18
6,4,2,5,5,4,1,3,4,3,4,3,4,4,3,3,4,3,3,4,2,4,6,2,3,16,8,18,10,16
6,4,4,5,5,5,4,4,4,3,4,3,5,3,3,5,4,4,4,4,4,4,2,1,6,19,12,18,12,20
7,4,3,5,5,4,4,4,4,3,3,4,2,3,3,3,4,3,4,4,4,4,4,1,7,17,12,15,10,19
7,4,5,2,1,5,5,5,5,3,3,1,1,4,5,5,5,5,5,5,5,5,4,2,6,13,15,12,15,25
7,5,5,5,5,5,5,5,5,5,3,3,3,3,5,5,5,5,5,5,5,5,6,2,6,20,15,17,15,25
7,5,5,4,4,3,5,5,5,1,5,3,2,3,4,4,4,4,4,4,4,4, ,1,3,16,15,14,12,20
7,5,1,2,4,1,5,5,5,3,4,3,3,3,3,4,3,3,3,3,3,4,6,1,2,8,15,16,10,16
7,5,5,5,5,5,3,5,4,3,3,3,5,4,5,4,5,4,5,5,3,4,5,1,1,20,12,18,14,21
7,5,5,5,5,5,5,5,5,5,5,5,5,3,5,5,5,5,5,5,5,5,3,2,4,20,15,23,15,25
7,5,5,5,5,5,5,5,5,3,5,1,3,5,4,5,5,5,5,5,5,5,7,2,3,20,15,17,14,25
7,4,2,3,3,1,4,4,4,3,3,3,2,2,2,3,4,3,3,4,4,5,7,2,2,9,12,13,9,19
7,4,1,3,4,4,4,4,4,3,2,2,1,5,3,5,3,3,5,4,4,4,5,1,2,12,12,13,11,20
7,4,4,5,4,3,5,5,5,3,4,2,4,4,3,5,5,5,5,5,4,5,7,1,6,16,15,17,13,24
7,4,2,4,4,3,1,2,3,2,1,3,2,1,3,3,3,3,3,3,2,3,7,1,6,13,6,9,9,14
7,5,4,5,4,4,5,5,5,3,5,3,2,1,3,5,5,5,5,5,5,5,3,1,1,17,15,14,13,25
7,5,5,5,5,1,5,5,5,3,5,5,1,1,5,5,5,5,5,5,5,5,5,2,6,16,15,15,15,25
7,4,3,4,4,4,4,5,5,3,5,4,2,4,3,4,5,4,4,4,5,5,6,2,3,15,14,18,12,22
7,5,1,3,1,1,5,5,5,1,1,3,4,2,3,2,5,3,5,5,3,4,6,1,7,6,15,11,10,20
7,5,5,5,5,5,5,5,5,3,3,3,5,5,5,5,5,5,5,5,5,5,5,1,1,20,15,19,15,25
7,4,4,3,5,4,5,3,4,4,3,3,4,2,5,5,4,5,4,5,4,4,6,1,5,16,12,16,14,22
7,4,3,3,3,4,4,4,4,3,3,4,3,2,4,4,4,4,4,4,4,4,2,2,4,13,12,15,12,20
7,4,4,3,3,4,5,5,5,3,3,3,4,5,4,5,5,4,4,5,4,5,4,1,4,14,15,18,14,22
7,4,4,2,1,1,4,4,4,3,5,4,4,5,4,4,4,4,4,4,4,4,3,1,2,8,12,21,12,20
7,5,3,4,4,2,5,5,5,3,3,2,2,2,5,5,5,4,5,5,5,5,6,1,4,13,15,12,15,24
7,5,4,3,3,5,5,5,4,5,3,3,5,3,3,5,4,5,4,3,5,3,5,2,4,15,14,19,12,20
7,5,4,4,2,1,3,4,5,2,3,2,3,5,3,4,5,4,4,5,5,4,4,1,4,11,12,15,12,22
7,5,4,4,5,3,5,5,5,4,3,4,5,1,4,5,5,5,5,5,5,5,6,2,5,16,15,17,14,25
7,5,4,3,5,5,5,5,4,5,5,1,4,4,5,5,5,5,5,5,5,5,1,2,6,17,14,19,15,25
7,5,2,2,3,5,4,5,5,3,3,3,3,1,4,5,5,3,5,5,5,5, ,1,6,12,14,13,14,23
7,5,5,5,5,2,5,5,5,5,2,2,3,5,4,5,5,5,5,5,5,5,4,2,2,17,15,17,14,25
7,4,4,2,2,1,4,5,5,3,4,3,3,5,4,4,4,4,4,5,5,5,4,1,5,9,14,18,12,23
7,5,4,5,4,3,4,5,4,3,1,5,3,5,4,5,5,4,5,5,4,5,1,1,6,16,13,17,14,23
7,5,4,4,4,4,4,4,5,4,3,3,2,2,3,5,5,4,4,5,5,5,5,2,2,16,13,14,13,23
7,5,3,1,4,1,5,5,5,3,3,4,4,4,4,5,5,5,5,5,5,5,6,1,7,9,15,18,14,25
7,5,4,4,4,4,5,5,5,5,5,5,3,5,5,5,5,5,5,5,5,5,7,1,6,16,15,23,15,25
7,4,2,5,4,2,4,5,5,4,4,3,5,5,3,4,5,5,3,5,5,5,7,2,2,13,14,21,12,23
7,5,5,4,3,5,5,4,4,3,3,3,5,4,4,4,4,5,4,4,5,4,3,2,7,17,13,18,12,22
7,5,4,5,5,5,4,4,5,4,2,2,3,3,3,5,5,5,4,5,4,5,5,1,2,19,13,14,13,23
7,5,4,4,5,5,4,4,5,4,2,5,4,2,4,5,5,3,5,4,4,4,7,1,2,18,13,17,14,20
7,5,4,4,3,5,5,5,5,5,5,3,4,5,5,5,5,5,5,5,5,5,4,2,6,16,15,22,15,25
7,4,4,4,2,4,5,5,5,3,4,4,5,3,3,5,5,4,5,5,5,5,4,2,4,14,15,19,13,24
7,4,3,4,3,3,3,3,5,3,3,3,3,4,3,5,5,5,5,5,5,5,4,1,6,13,11,16,13,25
7,5,2,3,2,2,3,5,4,3,4,4,3,4,3,4,5,4,5,5,4,4,7,1,3,9,12,18,12,22
7,4,3,3,4,4,5,5,5,1,4,3,4,3,4,5,5,5,5,5,5,5,6,1,2,14,15,15,14,25
7,4,5,5,5,5,5,4,5,5,5,2,5,4,4,5,5,5,5,5,5,5,1,1,7,20,14,21,14,25
7,4,3,3,3,3,4,4,4,3,3,3,2,4,2,4,5,4,4,4,4,4,6,2,5,12,12,15,11,20
7,4,1,3,1,1,4,3,4,3,3,3,3,3,3,4,4,3,4,5,3,3,2,2,6,6,11,15,11,18
7,4,4,5,5,4,4,4,4,2,3,3,4,4,4,4,4,4,4,3,4,4,3,1,1,18,12,16,12,19
7,4,4,5,5,5,4,3,4,4,3,3,2,2,3,5,5,3,3,3,4,4,4,1,5,19,11,14,13,17
7,4,5,5,5,5,3,4,4,3,1,3,2,2,1,3,4,3,3,4,4,4,2,2,4,20,11,11,8,18
7,5,4,3,4,4,5,5,4,4,5,3,3,4,5,5,5,5,5,5,4,5,4,2,6,15,14,19,15,24
7,5,4,2,3,4,5,5,5,3,3,3,1,4,5,5,5,5,5,5,5,5,6,1,7,13,15,14,15,25
7,5,4,4,4,4,4,5,5,3,4,2,4,5,4,5,5,5,4,5,5,5,4,1,5,16,14,18,14,24
7,4,1,4,4,2,4,4,4,3,3,3,2,4,3,4,4,4,5,5,4,4,6,1,2,11,12,15,11,22
7,5,3,3,3,3,5,5,5,3,3,3,1,3,5,5,5,5,5,5,5,5,4,1,6,12,15,13,15,25
7,5,5,2,2,4,5,5,4,3,3,5,1,1,5,5,5,5,5,5,5,5,2,1,6,13,14,13,15,25
7,4,3,5,5,5,4,5,5,3,3,3,4,2,4,4,5,4,5,5,4,5,5,2,6,18,14,15,13,23
7,5,3,4,4,4,5,5,5,3,3,3,4,2,4,5,5,5,5,5,5,5,4,1,6,15,15,15,14,25
7,5,4,5,4,5,5,5,5,2,3,3,2,4,5,5,5,5,5,4,5,5,6,1,6,18,15,14,15,24
7,4,4,2,3,5,4,4,4,3,2,3,3,3,3,4,4,4,4,3,3,4,4,2,5,14,12,14,11,18
7,5,3,5,5,5,5,5,4,5,3,3,1,5,5,5,5,5,5,5,5,5,5,2,2,18,14,17,15,25
7,5,5,3,3,5,5,5,5,2,3,5,2,3,5,5,5,4,4,5,5,5,5,1,2,16,15,15,15,23
7,5,2,2,2,2,5,4,4,3,3,3,1,2,4,5,5,4,4,4,4,5,6,2,4,8,13,12,14,21
7,5,5,5,5,5,5,5,5,5,5,5,1,5,5,5,5,5,5,5,5,5,2,2,4,20,15,21,15,25
7,5,5,5,5,5,4,5,5,4,4,4,4,1,5,5,5,5,5,5,5,5,4,2,4,20,14,17,15,25
7,5,5,2,3,1,5,5,5,5,3,4,1,5,5,5,5,5,5,5,5,5,3,1,6,11,15,18,15,25
7,5,1,4,4,3,4,5,5,2,3,1,3,5,5,4,5,4,5,5,5,5,4,2,4,12,14,14,14,24
7,5,5,5,5,5,5,5,4,3,5,3,5,4,4,5,5,4,5,5,3,5,2,1,2,20,14,20,14,22
7,4,4,3,3,2,5,5,5,1,1,1,1,1,5,5,5,5,5,5,5,5,6,1,5,12,15,5,15,25
7,5,4,2,2,1,4,5,4,3,3,5,1,3,4,4,4,4,4,4,4,5,3,2,3,9,13,15,12,21
7,5,3,4,4,3,4,5,4,3,5,3,5,1,4,5,5,3,4,5,4,4,2,2,3,14,13,17,14,20
7,5,4,4,1,1,5,5,4,3,3,2,1,1,3,5,5,3,5,5,5,5,3,2,6,10,14,10,13,23
7,5,2,2,1,1,4,5,4,3,3,3,1,1,4,5,5,1,4,5,5,5,4,2,5,6,13,11,14,20
7,5,5,1,5,5,5,5,5,3,5,3,1,5,5,5,5,5,5,5,5,5, ,2,6,16,15,17,15,25
7,5,4,4,4,4,5,5,5,4,1,3,4,1,5,5,5,5,5,5,5,5,4,1,5,16,15,13,15,25
7,4,4,5,5,3,3,5,5,3,2,3,5,4,3,3,4,4,4,5,4,4,6,1,5,17,13,17,10,21
7,5,5,5,5,5,5,3,5,4,2,5,1,1,3,3,3,5,4,4,2,5, ,1,6,20,13,13,9,20
7,5,3,5,5,4,5,5,5,2,3,3,3,5,3,5,5,5,5,5,5,5,6,2,2,17,15,16,13,25
7,5,3,4,4,4,5,5,5,3,2,3,2,3,3,5,5,3,5,5,5,5,4,2,2,15,15,13,13,23
7,5,5,5,4,4,5,5,5,4,4,3,2,2,4,5,5,5,4,5,5,5,7,1,2,18,15,15,14,24
7,5,5,5,5,4,5,5,5,4,4,3,3,1,3,5,5,4,5,5,5,5,6,1,6,19,15,15,13,24
7,5,4,3,3,3,5,5,5,3,3,3,3,3,5,5,5,5,5,5,5,5,4,1,3,13,15,15,15,25
7,5,4,4,5,2,4,5,4,3,4,3,5,4,5,5,5,3,4,5,5,5,4,1,4,15,13,19,15,22
7,5,5,5,5,5,5,5,5,2,1,3,3,4,3,5,5,5,5,5,5,5,6,1,4,20,15,13,13,25
7,5,3,1,1,1,5,5,5,3,3,3,3,3,3,5,5,5,5,5,5,5,4,1,6,6,15,15,13,25
7,5,2,4,4,2,5,4,4,2,3,3,2,2,4,5,4,5,5,5,5,5,3,2,4,12,13,12,13,25
7,5,5,2,4,5,5,5,5,3,4,1,3,5,4,5,5,5,5,5,5,5,4,2,5,16,15,16,14,25
7,5,5,5,2,5,5,5,5,5,3,3,1,3,5,5,5,5,5,5,5,5,1,2,6,17,15,15,15,25
7,4,2,2,2,2,4,4,4,3,5,5,2,5,4,4,4,3,4,4,5,4,6,1,6,8,12,20,12,20
7,5,5,5,5,5,5,5,5,5,3,4,3,3,5,5,5,5,5,5,5,5,7,2,2,20,15,18,15,25
7,4,4,3,2,4,3,5,4,3,5,4,4,4,3,4,4,3,3,4,3,5,3,2,4,13,12,20,11,18
7,4,5,1,5,4,4,5,4,5,3,2,5,1,4,5,5,5,5,5,4,5,3,1,6,15,13,16,14,24
7,5,5,3,5,5,3,5,5,2,5,1,3,5,4,5,5,4,5,5,3,5,1,1,7,18,13,16,14,22
7,4,5,3,4,5,4,5,3,3,5,3,3,5,3,4,5,3,5,4,3,4,2,2,5,17,12,19,12,19
7,4,4,1,1,1,5,5,5,3,2,3,3,5,3,4,4,4,4,5,5,5,2,2,5,7,15,16,11,23
7,5,3,5,3,5,4,5,4,3,3,3,2,1,5,5,5,5,5,5,5,5,3,2,5,16,13,12,15,25
7,5,3,5,1,5,4,4,4,2,3,3,4,1,3,4,4,4,4,4,5,4,4,2,3,14,12,13,11,21
7,5,5,4,4,3,5,5,5,3,3,3,1,3,5,5,5,5,5,5,5,5,2,2,5,16,15,13,15,25
7,5,5,5,5,5,5,5,4,5,4,5,2,4,5,5,5,5,5,5,4,3,3,1,6,20,14,20,15,22
1,2,4,5,5,4,1,1,1,1,5,3,1,1,1,2,1,1,1,1,1,2,4,1,1,18,3,11,4,6
1,2,5,3,4,3,5,4,3,2,4,3,1,2,3,2,5,3,1,1,3,2,4,2,2,15,12,12,10,10
1,3,2,5,5,2,1,2,2,1,1,1,5,4,1,3,4,3,2,3,3,4,6,2,2,14,5,12,8,15
1,1,3,4,4,1,1,2,1,2,5,1,4,1,2,2,1,2,1,2,3,1,6,1,3,12,4,13,5,9
1,2,4,4,5,4,1,1,1,1,5,1,3,3,1,1,1,1,1,1,1,1,3,1,6,17,3,13,3,5
1,1,3,4,2,2,1,1,3,3,2,1,4,4,1,1,1,1,1,1,2,1,6,1,5,11,5,14,3,6
1,1,4,5,4,4,1,1,1,1,2,1,5,1,2,1,1,1,1,2,3,1,1,2,6,17,3,10,4,8
1,1,1,4,4,2,1,1,1,3,2,1,4,4,1,1,1,1,1,1,1,1,6,2,3,11,3,14,3,5
1,1,4,4,5,5,1,1,1,1,1,1,2,4,1,1,1,1,1,1,1,1,6,1,5,18,3,9,3,5
1,3,4,4,4,3,2,2,5,1,3,2,3,2,2,3,3,3,2,4,3,3,6,2,3,15,9,11,8,15
1,3,4,4,4,4,3,4,3,3,4,2,5,1,4,4,4,3,3,4,5,4,6,1,6,16,10,15,12,19
1,3,1,4,5,2,1,1,1,3,3,1,5,3,1,2,3,1,1,2,3,2,6,1,5,12,3,15,6,9
1,2,4,4,4,4,1,1,1,1,2,1,2,1,1,1,1,1,1,1,1,1,5,1,4,16,3,7,3,5
1,3,1,2,3,3,1,1,1,1,1,3,1,1,1,1,1,1,1,1,1,1,6,1,5,9,3,7,3,5
1,3,3,4,3,3,3,3,3,3,3,3,3,3,3,3,3,3,3,3,3,3,5,2,5,13,9,15,9,15
2,4,3,5,5,3,2,4,3,3,1,1,4,1,3,4,4,4,4,5,4,4,6,1,3,16,9,10,11,21
2,4,4,4,4,4,1,1,1,1,3,1,3,1,1,1,1,1,2,1,1,2,1,2,5,16,3,9,3,7
2,4,3,3,3,3,4,3,3,1,2,2,5,3,3,4,3,3,2,4,3,4,4,1,2,12,10,13,10,16
2,4,2,4,4,1,4,3,3,1,2,2,5,2,3,4,4,3,3,4,3,3,5,1,6,11,10,12,11,16
3,3,2,3,4,2,2,3,3,3,3,2,3,4,3,3,3,3,3,4,3,4,5,2,4,11,8,15,9,17
3,3,3,5,4,4,2,2,3,2,1,1,2,1,1,3,3,2,2,3,2,3,5,2,5,16,7,7,7,12
3,3,3,4,4,4,3,4,3,3,3,3,2,2,1,2,2,3,2,2,4,2,3,2,4,15,10,13,5,13
3,3,3,4,4,4,3,3,3,3,3,3,3,3,3,3,3,3,3,3,3,3,7,2,3,15,9,15,9,15
3,3,5,4,4,5,3,3,3,1,5,2,5,2,2,3,2,2,3,4,3,3,4,2,6,18,9,15,7,15
3,3,2,4,4,2,1,2,2,1,4,2,4,2,1,3,2,2,1,2,1,3,6,1,2,12,5,13,6,9
3,3,1,2,2,1,3,3,3,3,3,3,1,4,3,3,3,3,3,3,2,3,6,1,4,6,9,14,9,14
3,3,2,3,2,4,3,3,3,3,3,3,2,3,3,3,3,3,3,3,3,3,4,1,5,11,9,14,9,15
3,3,4,5,5,4,3,1,3,3,3,2,5,3,2,3,3,3,1,2,3,2,6,2,4,18,7,16,8,11
3,3,2,2,2,2,2,1,1,3,4,3,3,4,2,2,2,2,1,1,2,2,4,2,5,8,4,17,6,8
3,3,4,3,4,5,1,1,2,3,3,1,2,2,1,2,3,2,1,2,1,2,6,1,3,16,4,11,6,8
3,3,3,5,5,5,3,3,3,3,2,1,5,3,3,4,4,3,3,3,3,4,6,2,3,18,9,14,11,16
3,3,3,4,3,4,1,3,3,3,3,3,2,3,3,4,3,4,3,4,3,3,4,2,4,14,7,14,10,17
3,3,1,4,1,1,3,3,3,1,3,3,3,4,3,3,3,3,3,3,3,3,4,1,6,7,9,14,9,15
3,3,2,3,4,2,2,3,3,1,1,2,2,1,1,3,4,3,3,3,4,4,4,1,4,11,8,7,8,17
3,3,3,3,3,3,3,2,2,3,3,2,3,1,1,1,3,3,1,2,1,1,7,2,2,12,7,12,5,8
3,3,1,2,2,1,1,2,3,3,3,2,3,2,1,3,1,1,1,3,1,3,6,1,4,6,6,13,5,9
3,3,3,5,4,3,1,1,2,3,5,1,5,4,3,3,3,3,1,3,3,3,6,1,5,15,4,18,9,13
3,3,4,4,4,4,3,3,4,3,3,3,3,3,3,3,3,3,3,3,3,3,6,1,3,16,10,15,9,15
3,3,2,4,2,2,3,3,3,3,3,3,4,3,3,3,3,3,3,3,3,3,6,1,5,10,9,16,9,15
3,3,3,5,4,4,3,3,1,3,1,1,5,3,3,3,3,3,3,3,3,3,7,2,2,16,7,13,9,15
3,3,3,2,4,3,3,3,3,2,4,3,4,3,3,3,3,4,3,3,3,3,7,2,2,12,9,16,9,16
3,3,3,5,4,4,3,3,2,2,3,2,4,1,3,3,3,3,3,3,3,4,5,2,2,16,8,12,9,16
3,3,5,5,5,5,2,2,3,1,3,1,2,4,2,2,3,2,2,2,2,3,4,2,5,20,7,11,7,11
3,3,3,5,5,4,1,1,1,3,3,3,1,1,1,1,1,1,1,3,3,1,4,2,4,17,3,11,3,9
3,3,3,4,4,3,3,3,3,3,3,1,4,2,1,2,2,3,3,3,3,2,5,2,6,14,9,13,5,14
3,3,4,4,4,4,2,3,1,4,3,2,4,4,2,2,3,2,3,3,3,3,6,2,5,16,6,17,7,14
3,3,2,4,4,3,2,1,3,4,3,2,2,4,3,2,4,2,3,2,1,5,6,1,6,13,6,15,9,13
3,3,4,5,5,4,3,2,4,1,2,2,4,1,1,3,4,3,2,3,2,3,6,1,5,18,9,10,8,13
3,3,1,2,2,1,3,4,3,3,3,3,1,5,3,3,4,3,3,3,3,3,5,2,2,6,10,15,10,15
3,3,3,4,3,4,3,2,2,3,1,1,5,1,3,3,3,3,3,3,3,3,4,2,2,14,7,11,9,15
3,3,3,4,4,4,4,4,3,3,3,3,1,4,3,5,5,4,4,5,4,5,6,1,5,15,11,14,13,22
3,3,2,4,3,3,3,1,2,3,5,3,2,2,5,2,3,4,3,4,1,1,4,1,2,12,6,15,10,13
3,3,5,5,5,5,3,3,3,3,4,2,4,4,4,3,3,3,3,3,3,3,5,1,6,20,9,17,10,15
3,3,1,3,1,1,3,3,3,3,3,3,5,4,3,3,3,3,3,3,3,3,6,2,3,6,9,18,9,15
3,3,2,4,3,3,3,3,2,3,3,1,4,4,3,3,2,2,3,1,3,3,3,2,6,12,8,15,8,12
3,3,4,4,4,5,2,3,3,3,4,3,2,2,2,3,4,2,3,3,3,4,6,2,5,17,8,14,9,15
3,3,2,4,4,3,2,2,3,3,3,1,3,1,3,3,3,3,3,3,3,3,4,1,4,13,7,11,9,15
3,3,3,3,3,3,2,2,3,3,4,1,2,4,3,3,2,3,2,3,3,3,6,1,4,12,7,14,8,14
3,3,2,3,3,3,3,3,3,3,3,1,3,3,3,3,3,3,3,3,3,3,5,1,4,11,9,13,9,15
3,3,2,2,4,3,3,3,3,3,1,3,3,3,3,3,4,4,3,2,1,3,6,1,7,11,9,13,10,13
3,3,3,5,5,5,3,3,3,3,3,3,4,3,3,3,3,4,3,1,3,1,7,1,6,18,9,16,9,12
3,3,2,4,4,2,1,1,3,1,4,1,4,1,2,4,3,3,3,3,2,3,5,1,7,12,5,11,9,14
3,3,3,4,4,3,4,4,3,3,3,3,3,4,3,3,4,3,4,3,4,3,3,1,6,14,11,16,10,17
3,3,3,3,4,4,4,3,2,1,3,1,2,1,3,3,3,3,3,3,3,3,7,1,5,14,9,8,9,15
3,3,2,4,3,3,3,3,2,3,3,3,3,3,3,3,3,3,3,3,3,4,3,2,6,12,8,15,9,16
3,3,4,4,4,4,4,3,3,2,1,2,4,1,2,3,3,3,3,4,3,4,6,2,4,16,10,10,8,17
3,3,4,4,4,3,4,4,3,2,2,2,3,2,2,4,3,3,4,4,4,4,6,1,4,15,11,11,9,19
3,3,4,4,5,4,1,5,3,4,3,3,5,4,2,2,4,1,1,3,2,3,4,2,6,17,9,19,8,10
3,2,2,3,2,2,1,2,2,3,3,3,3,5,1,1,1,1,1,3,2,2,4,1,4,9,5,17,3,9
3,3,5,5,5,5,1,2,1,3,5,1,1,4,1,2,2,4,3,3,4,2,7,1,5,20,4,14,5,16
4,4,4,4,4,2,4,3,4,1,4,3,4,1,2,4,3,2,3,4,4,4,7,2,2,14,11,13,9,17
4,4,3,4,4,2,3,4,3,2,1,2,3,2,3,4,4,4,4,4,3,4,6,1,4,13,10,10,11,19
4,4,2,3,3,2,3,4,2,3,4,3,4,3,1,3,2,3,3,2,3,4,4,1,4,10,9,17,6,15
4,4,3,4,4,2,4,3,3,1,2,2,4,5,3,3,4,4,5,4,5,4,6,2,5,13,10,14,10,22
4,4,4,4,4,5,3,4,3,1,1,2,4,1,2,5,5,3,3,5,5,5,1,2,7,17,10,9,12,21
4,4,1,2,1,1,4,4,4,4,4,3,1,4,4,5,4,4,4,4,4,4,2,2,5,5,12,16,13,20
4,4,4,5,5,4,3,3,2,1,3,1,2,1,3,3,3,4,3,5,4,3,6,1,4,18,8,8,9,19
4,4,4,4,4,2,2,3,3,3,4,1,4,3,3,4,3,3,3,4,4,4,2,2,5,14,8,15,10,18
4,4,2,4,4,2,2,3,3,3,3,2,4,2,2,4,4,3,3,3,3,3,6,1,2,12,8,14,10,15
4,4,5,5,5,5,4,2,4,2,1,3,2,3,3,4,5,3,3,4,4,4,6,1,6,20,10,11,12,18
4,4,4,5,5,4,3,3,3,3,2,2,3,1,3,3,4,3,3,4,3,4,6,1,5,18,9,11,10,17
4,4,3,4,4,3,3,3,3,3,3,2,3,3,3,4,4,3,3,4,3,3,3,1,5,14,9,14,11,16
4,4,3,4,4,4,2,4,4,3,3,2,4,2,2,4,4,3,3,3,3,4,7,1,4,15,10,14,10,16
4,4,4,4,4,3,3,3,3,2,2,2,4,2,3,4,4,3,3,4,4,5,7,2,2,15,9,12,11,19
4,4,4,2,2,3,2,3,3,1,4,2,4,2,1,3,3,3,2,4,3,5,6,1,2,11,8,13,7,17
4,4,4,4,4,4,4,4,3,2,2,3,1,3,3,4,4,3,3,4,4,4,4,2,4,16,11,11,11,18
4,5,1,2,4,3,4,4,3,2,3,1,3,4,3,5,5,3,3,4,4,4,7,1,2,10,11,13,13,18
4,4,2,4,3,3,5,4,5,3,1,3,3,4,3,3,4,3,3,5,4,5,5,2,2,12,14,14,10,20
4,5,5,5,5,3,3,4,3,3,2,2,4,4,2,3,4,3,3,4,4,4,7,2,2,18,10,15,9,18
4,5,2,4,4,3,4,4,4,4,3,3,4,2,3,4,4,3,4,4,4,4,4,2,1,13,12,16,11,19
4,4,3,4,4,4,2,3,4,1,3,3,4,2,3,3,4,3,3,5,4,4,7,2,2,15,9,13,10,19
4,4,3,4,4,3,3,3,3,3,3,3,3,2,2,3,3,3,3,3,3,3,2,1,5,14,9,14,8,15
4,4,2,4,5,2,4,3,4,2,4,2,4,4,3,3,5,3,3,4,4,4,7,2,2,13,11,16,11,18
4,4,2,3,2,1,1,3,1,1,1,1,4,3,2,4,5,3,4,3,3,3,6,2,5,8,5,10,11,16
4,4,1,2,4,2,4,3,3,3,1,3,1,4,3,4,3,3,4,4,3,4,6,2,3,9,10,12,10,18
4,4,3,4,4,4,4,3,1,3,3,2,4,4,3,3,3,3,3,4,4,3,6,1,4,15,8,16,9,17
4,4,4,4,4,4,2,3,4,3,5,3,4,5,2,5,4,3,4,4,4,4,6,1,4,16,9,20,11,19
4,4,3,4,4,4,3,3,4,2,2,2,3,2,3,4,4,3,3,3,4,4,6,2,2,15,10,11,11,17
4,5,2,2,4,3,3,4,4,3,3,2,2,5,2,4,4,4,3,4,4,4,7,2,2,11,11,15,10,19
4,4,2,4,3,1,4,4,3,3,3,2,4,2,3,4,4,3,3,4,4,4,4,1,2,10,11,14,11,18
4,4,2,3,4,3,3,4,3,3,3,2,3,2,2,3,3,4,3,3,3,4,6,1,2,12,10,13,8,17
4,5,2,4,2,4,3,3,3,2,2,3,4,2,3,4,4,3,4,5,5,4,3,2,2,12,9,13,11,21
4,4,3,4,4,4,3,3,3,1,4,1,1,4,2,2,4,2,2,5,2,3,4,1,7,15,9,11,8,14
4,4,4,4,4,3,3,3,3,3,3,3,4,3,3,3,4,3,3,4,3,4,2,2,4,15,9,16,10,17
4,4,2,5,4,3,3,2,3,2,2,2,5,3,2,3,3,3,2,4,3,3,3,2,3,14,8,14,8,15
4,4,3,1,2,4,2,4,3,3,3,1,3,3,3,3,3,3,3,3,3,3,6,1,5,10,9,13,9,15
4,4,2,4,4,4,3,4,3,2,3,2,4,4,2,4,4,3,3,4,4,4,7,2,2,14,10,15,10,18
4,4,3,4,4,4,4,3,3,3,4,3,3,4,2,4,4,4,3,4,4,4,4,2,4,15,10,17,10,19
4,4,3,5,5,2,2,3,3,4,3,2,4,1,3,3,4,3,3,3,3,3,7,2,3,15,8,14,10,15
4,4,3,4,3,3,3,3,3,3,3,1,2,1,4,4,4,3,3,3,4,4, ,1,7,13,9,10,12,17
4,4,3,3,3,3,5,5,4,4,5,2,3,2,4,4,5,4,4,4,5,5,7,2,4,12,14,16,13,22
4,4,4,5,5,5,4,4,4,1,3,2,1,5,1,4,4,3,3,5,5,4,7,2,2,19,12,12,9,20
4,4,2,4,4,3,3,3,3,3,3,3,4,4,2,3,3,3,3,4,4,4,7,2,3,13,9,17,8,18
4,4,4,4,4,3,3,3,2,2,2,2,2,4,3,4,4,3,2,4,4,3,7,2,2,15,8,12,11,16
4,4,3,5,5,5,3,3,3,3,2,3,4,4,3,4,4,4,3,4,4,4,7,1,7,18,9,16,11,19
4,5,3,5,5,4,5,4,5,3,3,2,4,5,3,5,5,3,5,4,3,5,3,1,2,17,14,17,13,20
4,5,3,5,5,1,4,4,3,3,3,3,2,1,3,4,4,4,4,4,4,4,4,1,5,14,11,12,11,20
4,5,4,4,5,3,5,4,5,3,2,1,4,3,4,5,5,5,5,5,5,5,4,1,2,16,14,13,14,25
4,4,2,5,4,3,4,3,3,3,4,2,1,2,3,4,4,3,3,3,3,4,4,2,4,14,10,12,11,16
4,5,2,5,4,3,4,3,3,3,3,3,4,2,4,4,4,5,4,5,5,4,4,1,2,14,10,15,12,23
4,4,4,4,4,4,3,3,4,3,3,2,1,3,3,3,3,3,3,4,3,3,6,1,2,16,10,12,9,16
4,4,4,5,5,3,3,3,3,3,4,1,4,4,1,3,3,3,3,3,3,3,5,1,6,17,9,16,7,15
4,4,3,5,4,4,3,3,3,3,2,3,3,2,3,3,4,3,3,4,4,4,7,2,2,16,9,13,10,18
4,4,2,3,3,3,3,3,3,3,3,3,4,3,3,3,3,3,3,4,3,4,4,2,1,11,9,16,9,17
4,4,3,5,4,5,4,3,3,3,1,3,3,2,3,5,4,3,3,4,4,3,5,2,1,17,10,12,12,17
4,4,4,5,4,3,3,4,3,2,4,2,4,3,2,4,5,3,4,4,2,5,6,1,4,16,10,15,11,18
4,4,4,5,5,5,3,3,4,2,5,1,5,4,4,4,5,4,3,5,5,4,7,1,5,19,10,17,13,21
4,4,1,5,4,2,3,3,2,4,1,2,5,1,2,4,4,4,4,4,4,4,6,2,3,12,8,13,10,20
4,4,4,4,4,4,3,4,4,4,2,2,2,2,3,3,4,4,3,4,4,4,4,2,4,16,11,12,10,19
4,4,5,5,5,2,3,4,3,1,3,3,5,1,1,5,4,3,4,3,3,4,6,1,6,17,10,13,10,17
4,4,4,4,4,5,1,3,2,3,5,1,5,3,4,2,3,3,1,1,2,3,6,1,6,17,6,17,9,10
4,4,5,5,4,5,3,3,2,2,4,1,4,1,3,3,4,3,3,3,3,3,7,1,6,19,8,12,10,15
4,5,4,4,4,3,4,5,3,3,1,3,2,1,3,5,4,4,4,4,4,4,4,1,4,15,12,10,12,20
4,5,2,4,4,2,4,4,4,4,4,2,4,5,4,4,5,5,4,4,4,5,4,1,4,12,12,19,13,22
4,4,3,5,5,4,4,4,4,3,3,3,4,3,3,4,5,3,3,5,4,5,6,2,3,17,12,16,12,20
4,4,3,4,4,4,3,3,3,1,4,2,5,4,3,3,3,2,2,3,3,3,4,1,3,15,9,16,9,13
4,4,4,5,4,4,3,3,3,3,5,2,3,3,3,4,4,3,3,4,3,4,4,2,4,17,9,16,11,17
4,4,3,5,5,4,4,3,3,1,2,1,5,1,3,3,3,3,3,4,4,4,4,1,6,17,10,10,9,18
4,4,4,4,3,4,4,4,3,3,3,3,3,4,4,4,4,3,4,4,4,4,4,2,2,15,11,16,12,19
4,4,4,5,5,2,2,3,2,3,5,1,5,4,3,3,3,4,3,4,4,4, ,2,3,16,7,18,9,19
4,4,4,4,4,3,3,3,3,3,2,3,3,2,2,3,3,3,3,3,3,3,3,2,5,15,9,13,8,15
4,4,3,4,4,2,1,3,3,3,4,2,3,4,3,4,5,3,4,4,3,5,7,1,5,13,7,16,12,19
4,5,1,3,3,4,4,5,3,3,4,3,2,5,2,3,4,3,2,5,5,5,7,2,3,11,12,17,9,20
4,4,3,3,2,3,3,3,3,2,3,2,1,2,2,4,4,3,3,3,3,5,6,1,7,11,9,10,10,17
4,4,3,4,3,3,4,4,3,3,3,2,3,3,3,3,5,4,3,3,3,4,6,1,6,13,11,14,11,17
4,4,3,4,4,3,3,3,1,3,2,2,4,2,3,3,4,3,3,4,3,4,7,1,7,14,7,13,10,17
4,4,2,4,4,2,2,3,3,3,2,2,4,2,3,3,3,3,3,3,3,4,7,2,2,12,8,13,9,16
4,5,5,5,5,4,4,4,4,4,3,2,5,2,3,4,4,3,5,5,5,5,6,1,4,19,12,16,11,23
4,5,2,3,3,1,1,4,3,1,1,2,1,3,3,4,4,5,4,4,4,5,5,2,3,9,8,8,11,22
4,4,4,5,5,4,1,3,4,1,2,1,5,1,1,3,4,3,3,4,3,4, ,1,4,18,8,10,8,17
4,5,4,5,5,4,5,4,4,1,2,2,3,3,3,4,5,4,5,5,5,5,4,1,6,18,13,11,12,24
4,4,4,4,5,3,4,4,2,1,5,2,5,2,1,3,3,4,3,3,3,4,6,1,2,16,10,15,7,17
4,4,2,4,4,2,3,4,3,3,3,3,5,3,2,3,4,2,3,3,4,4,6,2,2,12,10,17,9,16
4,4,3,5,5,4,3,3,4,4,1,1,4,1,2,4,5,4,3,4,5,5,6,1,3,17,10,11,11,21
4,4,3,4,4,3,3,3,1,3,5,3,4,3,3,4,3,3,3,3,3,3,5,1,6,14,7,18,10,15
4,4,2,3,3,2,4,4,3,3,3,1,4,2,2,4,4,4,5,4,4,4,4,1,4,10,11,13,10,21
4,4,3,3,2,1,2,3,3,3,3,2,3,4,1,3,3,2,2,3,3,2,7,1,4,9,8,15,7,12
4,4,3,4,5,4,4,4,4,3,4,2,4,3,3,4,5,4,4,3,4,3, ,1,4,16,12,16,12,18
4,4,2,4,4,2,2,4,4,1,5,1,2,2,2,2,2,2,1,4,4,4,5,1,2,12,10,11,6,15
4,5,4,5,5,4,3,5,5,3,1,3,4,1,3,4,5,4,5,5,5,5,7,1,4,18,13,12,12,24
4,4,2,4,4,2,4,4,4,3,5,4,5,5,3,4,4,3,3,4,3,4,6,1,6,12,12,22,11,17
4,4,2,3,2,2,1,3,3,3,2,1,1,1,3,3,4,4,4,3,3,3,6,2,1,9,7,8,10,17
4,4,2,4,4,2,4,4,4,2,3,3,2,3,3,4,3,4,4,4,2,4,5,2,2,12,12,13,10,18
4,5,3,3,3,3,4,3,3,1,2,2,2,2,3,5,5,3,4,4,4,4,5,1,6,12,10,9,13,19
4,4,2,1,2,2,3,5,3,3,5,3,1,3,3,3,3,3,3,3,3,4,4,1,5,7,11,15,9,16
4,4,3,5,5,4,3,4,3,3,3,3,2,3,2,4,4,3,3,4,4,3,5,1,2,17,10,14,10,17
4,5,3,4,4,3,3,3,3,3,3,3,3,3,3,3,3,3,3,3,3,3,6,2,4,14,9,15,9,15
4,4,2,4,4,2,3,3,4,3,3,3,4,3,3,3,3,3,3,4,4,3,2,2,1,12,10,16,9,17
4,4,4,3,3,3,4,4,4,3,3,3,3,1,3,4,4,4,4,4,4,4, ,1,2,13,12,13,11,20
4,4,1,4,4,2,2,3,3,2,5,2,3,4,3,3,4,3,3,4,3,4,7,2,4,11,8,16,10,17
4,4,1,5,5,3,3,3,3,3,5,2,1,4,4,4,3,3,4,4,4,3,6,1,2,14,9,15,11,18
4,4,3,4,3,2,3,4,3,3,1,2,4,1,3,4,4,4,3,4,4,4,5,2,2,12,10,11,11,19
4,4,3,3,4,4,4,5,3,1,2,3,3,5,2,3,4,1,3,4,3,3,3,1,6,14,12,14,9,14
4,4,4,5,4,4,4,4,4,3,3,3,4,4,3,4,4,4,4,4,4,4,5,2,2,17,12,17,11,20
4,4,4,4,3,3,3,5,4,3,3,3,3,3,4,4,4,4,4,4,4,5,7,1,2,14,12,15,12,21
4,4,4,4,4,4,3,3,3,2,4,2,3,3,3,5,3,2,3,2,4,3,4,2,4,16,9,14,11,14
4,4,3,4,5,3,3,3,3,3,3,2,5,2,3,4,4,3,3,4,3,4,6,1,2,15,9,15,11,17
4,4,3,4,4,2,4,4,3,2,3,3,3,4,3,3,4,3,4,3,3,3,4,2,2,13,11,15,10,16
4,4,2,3,4,2,1,3,4,2,3,2,4,3,2,3,4,3,3,4,4,4,6,1,3,11,8,14,9,18
4,4,4,5,5,5,4,4,4,3,3,3,3,2,5,5,5,4,5,5,5,5,6,1,6,19,12,14,15,24
4,4,2,5,5,2,3,4,3,3,3,3,4,3,3,3,4,3,3,4,4,3,4,2,1,14,10,16,10,17
4,4,5,4,5,5,2,2,3,3,3,3,5,2,3,4,3,3,3,3,3,3,6,1,4,19,7,16,10,15
4,4,4,5,4,5,2,3,2,1,2,1,4,1,2,3,4,3,3,4,4,4,4,2,4,18,7,9,9,18
4,4,3,4,4,4,3,4,3,3,3,2,4,3,3,4,4,3,4,4,4,4,6,2,4,15,10,15,11,19
4,4,4,3,3,4,4,4,3,3,3,3,4,4,3,3,4,3,2,3,3,3,6,2,2,14,11,17,10,14
4,5,4,5,4,3,4,3,4,2,2,3,3,5,2,4,3,4,3,3,4,3,5,2,5,16,11,15,9,17
4,4,3,5,4,4,4,3,4,4,2,3,4,1,4,4,3,3,3,4,4,4,4,2,2,16,11,14,11,18
4,4,4,5,5,5,2,3,3,3,3,3,5,4,3,3,3,3,3,4,3,3,5,2,5,19,8,18,9,16
4,4,3,5,4,4,3,3,3,1,3,2,5,1,2,3,4,3,3,3,3,3,4,2,5,16,9,12,9,15
4,4,3,4,4,2,3,3,3,2,2,3,2,4,2,3,3,3,3,3,3,4,3,1,4,13,9,13,8,16
4,4,3,4,4,4,4,4,4,2,3,4,5,3,1,4,4,4,4,4,4,4,7,2,1,15,12,17,9,20
4,4,2,5,4,4,4,4,3,4,2,2,3,4,4,4,5,4,4,4,4,4,6,2,2,15,11,15,13,20
4,5,4,5,5,3,4,4,3,4,3,3,2,2,3,4,3,5,4,4,4,4,6,2,2,17,11,14,10,21
4,5,4,3,4,4,4,5,4,3,2,2,3,3,4,4,3,3,5,5,4,4,6,1,7,15,13,13,11,21
4,4,3,5,5,4,3,4,3,3,2,2,1,2,1,3,3,1,2,3,2,2,6,2,4,17,10,10,7,10
4,4,2,4,4,3,4,3,3,3,3,3,3,2,2,4,4,4,3,4,4,3, ,1,6,13,10,14,10,18
4,4,3,4,4,5,3,3,4,3,3,2,1,1,3,4,4,3,3,3,4,3,2,1,5,16,10,10,11,16
4,5,4,5,4,5,2,2,2,1,2,2,3,3,2,2,4,2,3,3,2,3,5,2,5,18,6,11,8,13
4,4,3,3,4,3,4,3,3,3,3,3,5,3,3,3,4,3,3,4,4,4,3,1,5,13,10,17,10,18
4,4,3,4,3,3,4,3,4,3,2,3,3,3,3,4,4,3,3,3,4,3,4,1,2,13,11,14,11,16
4,4,4,3,2,3,2,4,3,5,2,2,4,2,1,4,4,3,3,4,4,4,7,1,2,12,9,15,9,18
4,4,3,4,4,2,3,4,4,3,3,2,4,3,3,4,4,3,3,4,4,4,6,2,2,13,11,15,11,18
4,4,3,4,5,4,1,4,3,3,3,2,4,3,3,4,4,3,4,4,4,5,6,2,4,16,8,15,11,20
4,4,2,5,4,2,4,4,3,3,2,2,4,2,3,5,3,3,3,4,2,5,6,2,2,13,11,13,11,17
4,4,2,2,2,2,3,3,3,3,4,2,1,2,3,3,4,3,3,2,3,4,6,1,4,8,9,12,10,15
4,4,3,4,3,1,3,3,3,3,3,3,4,5,3,3,3,3,4,4,4,5,3,2,5,11,9,18,9,20
4,4,3,4,3,4,3,3,3,3,2,2,3,4,2,3,3,3,3,3,2,3,3,2,5,14,9,14,8,14
4,4,4,5,5,5,3,3,3,1,4,1,2,4,2,4,4,3,3,4,3,4,6,2,5,19,9,12,10,17
4,4,3,4,4,3,3,2,4,2,5,4,1,1,4,3,3,3,2,3,1,2,3,1,3,14,9,13,10,11
4,4,5,5,4,4,3,4,4,2,3,4,5,2,3,5,4,4,4,4,4,4,4,2,5,18,11,16,12,20
4,4,3,4,4,3,3,3,4,3,3,3,4,3,3,4,4,3,3,4,4,4,5,2,1,14,10,16,11,18
4,4,3,3,3,4,3,3,3,2,3,2,4,4,3,4,4,2,2,4,4,4,6,2,2,13,9,15,11,16
4,4,2,4,4,3,4,3,3,3,3,2,5,1,2,5,5,4,3,4,5,4,6,2,3,13,10,14,12,20
4,5,3,2,5,3,3,4,4,3,2,2,4,5,3,4,4,3,3,4,4,4,6,2,2,13,11,16,11,18
4,4,3,4,4,2,3,3,4,2,3,2,3,5,2,4,4,5,3,4,4,4,6,2,2,13,10,15,10,20
4,4,4,5,5,3,2,3,1,2,1,3,5,5,2,4,4,4,2,4,4,4,4,2,5,17,6,16,10,18
4,4,4,3,3,3,3,4,3,2,3,4,2,1,4,5,3,4,3,3,4,4,5,1,4,13,10,12,12,18
4,4,2,3,3,2,3,3,3,3,3,2,2,1,3,5,4,3,3,5,5,5,6,1,3,10,9,11,12,21
4,4,5,4,3,5,1,2,3,3,3,2,1,4,2,3,5,3,3,5,2,5,6,2,2,17,6,13,10,18
4,4,4,4,4,3,4,4,4,3,4,2,3,3,4,4,4,4,4,3,4,4,6,1,4,15,12,15,12,19
4,4,4,4,4,4,4,5,4,3,4,4,3,3,3,4,4,5,4,5,5,5,6,2,2,16,13,17,11,24
4,4,3,4,4,3,4,4,1,3,3,3,3,1,3,4,5,3,3,4,3,4,4,2,3,14,9,13,12,17
4,4,2,3,3,2,3,4,3,3,3,1,4,4,3,4,4,3,4,4,4,5,6,2,2,10,10,15,11,20
4,4,2,5,4,2,3,4,3,3,3,2,4,2,3,5,5,5,3,5,5,5,6,2,4,13,10,14,13,23
4,4,2,4,4,2,3,3,4,3,3,2,3,4,2,3,3,3,3,4,3,4,7,1,3,12,10,15,8,17
4,4,2,4,4,3,3,3,3,3,2,4,4,4,3,3,3,3,4,3,3,4,4,2,4,13,9,17,9,17
4,4,3,3,4,3,4,4,3,3,3,2,3,3,3,5,5,3,5,5,4,5,6,1,7,13,11,14,13,22
4,4,2,4,4,4,4,4,4,3,3,3,5,4,4,4,4,4,4,5,4,4,6,2,2,14,12,18,12,21
4,4,4,4,4,4,4,4,2,5,3,3,3,4,5,4,5,4,4,5,4,4,4,2,5,16,10,18,14,21
4,4,4,2,4,4,3,3,3,1,1,2,5,2,2,2,2,4,3,4,4,1,4,2,3,14,9,11,6,16
4,4,2,3,3,3,5,4,3,3,3,3,3,4,3,4,4,3,3,4,4,5,7,2,2,11,12,16,11,19
4,4,1,4,3,1,2,4,2,3,3,3,2,3,3,2,4,2,4,4,2,4,6,2,4,9,8,14,9,16
4,4,5,5,5,2,5,4,4,3,3,3,1,2,3,5,5,4,5,3,5,5,6,2,7,17,13,12,13,22
4,4,2,3,3,3,3,4,4,3,3,2,5,2,3,3,4,3,3,4,3,4,4,1,5,11,11,15,10,17
4,5,3,5,5,3,4,5,3,3,3,3,4,4,3,5,5,3,4,4,5,5,3,2,4,16,12,17,13,21
4,4,4,4,4,4,3,3,3,4,3,3,3,4,3,3,4,3,4,3,3,3,5,2,2,16,9,17,10,16
4,4,3,5,5,5,4,4,4,3,4,2,5,1,2,4,3,3,3,5,3,5,6,2,2,18,12,15,9,19
4,4,2,4,4,1,4,5,4,3,2,4,3,1,4,4,4,4,4,4,4,4,6,2,3,11,13,13,12,20
4,4,3,5,5,5,3,3,3,4,4,3,5,3,3,3,3,4,3,3,4,2,5,1,3,18,9,19,9,16
5,3,2,4,5,4,4,4,3,4,2,2,4,4,3,3,3,4,4,4,4,4,6,2,2,15,11,16,9,20
5,3,2,4,5,2,3,3,3,3,2,2,4,2,1,3,3,3,3,4,4,4,7,1,2,13,9,13,7,18
5,3,1,2,1,1,1,3,3,3,3,2,4,4,1,3,3,3,3,4,3,4,6,1,5,5,7,16,7,17
5,3,3,4,4,4,1,2,1,1,3,2,1,5,2,3,3,3,2,3,3,3,2,2,6,15,4,12,8,14
5,3,1,2,2,3,4,3,3,3,2,3,3,3,2,3,3,3,4,5,5,4,6,2,2,8,10,14,8,21
5,3,3,4,4,3,3,3,2,2,1,2,4,2,3,3,3,3,3,3,4,3,6,2,4,14,8,11,9,16
5,3,2,5,4,2,3,4,3,2,3,3,2,2,3,4,3,4,4,4,4,4,6,2,2,13,10,12,10,20
5,3,2,3,3,2,3,4,3,3,3,3,4,4,2,3,3,3,3,4,3,4,2,1,5,10,10,17,8,17
6,4,3,4,4,4,5,5,5,3,4,5,4,2,5,5,5,5,5,4,5,5,5,2,2,15,15,18,15,24
6,5,2,4,2,2,3,3,3,2,3,3,2,4,3,4,4,3,3,3,5,4,3,1,5,10,9,14,11,18
6,5,4,5,5,4,5,5,5,3,3,3,2,4,4,5,5,4,5,5,5,5,4,2,5,18,15,15,14,24
6,4,4,2,2,4,4,3,4,1,4,3,3,4,1,5,5,5,4,2,2,3,6,1,1,12,11,15,11,16
6,5,3,5,5,4,4,4,3,5,1,2,5,3,3,4,4,4,4,4,4,4,4,2,2,17,11,16,11,20
6,4,4,5,4,4,3,4,4,3,3,3,2,3,3,3,3,4,3,4,3,4,6,2,2,17,11,14,9,18
6,5,1,4,5,2,5,4,4,2,1,2,4,5,1,4,4,3,3,4,4,5,7,1,3,12,13,14,9,19
6,4,4,4,4,4,4,3,4,3,3,3,4,4,3,4,4,3,3,4,4,4,5,2,1,16,11,17,11,18
6,4,4,2,2,3,1,3,3,3,3,3,3,4,2,3,4,3,3,3,3,4,7,2,1,11,7,16,9,16
6,4,4,4,4,3,5,4,4,1,2,1,2,2,3,4,4,3,4,4,4,4,6,1,4,15,13,8,11,19
6,4,2,3,3,2,4,4,4,2,3,3,2,4,3,3,4,3,3,4,4,4,7,2,2,10,12,14,10,18
6,4,2,4,4,3,3,2,2,4,2,2,3,4,2,3,3,2,2,3,2,4,7,2,2,13,7,15,8,13
6,4,2,4,4,2,4,4,4,3,3,2,2,2,3,4,4,3,5,4,4,5,7,1,2,12,12,12,11,21
6,4,1,5,4,2,4,4,4,3,3,3,5,3,3,3,4,3,5,4,4,3, ,2,2,12,12,17,10,19
6,5,2,4,4,2,3,4,3,2,4,2,4,1,3,4,4,3,3,3,2,4,6,2,2,12,10,13,11,15
6,4,4,4,4,3,3,3,3,3,2,3,4,4,3,5,5,3,4,4,4,4,7,2,2,15,9,16,13,19
6,4,4,4,4,2,3,4,3,3,2,2,2,5,3,4,4,4,3,4,4,4,5,2,4,14,10,14,11,19
6,4,1,2,2,2,4,5,4,3,4,3,4,5,3,5,5,5,5,5,5,5,7,2,2,7,13,19,13,25
6,4,2,5,4,2,4,4,3,3,3,3,2,2,3,3,3,3,3,4,4,4,6,1,5,13,11,13,9,18
6,5,4,3,4,3,4,5,4,4,4,2,4,2,4,4,5,4,4,4,4,5,5,1,1,14,13,16,13,21
6,5,3,5,4,2,3,4,5,3,3,2,4,1,3,5,5,3,3,5,5,5, ,1,1,14,12,13,13,21
6,4,3,4,2,2,3,4,3,3,3,3,2,4,3,4,4,3,3,4,4,4,6,2,4,11,10,15,11,18
6,4,3,3,3,2,4,4,3,3,3,3,4,2,3,4,4,4,4,5,5,4,6,1,2,11,11,15,11,22
6,4,1,5,1,3,3,3,3,3,3,2,5,3,4,3,3,3,3,5,3,3,4,1,2,10,9,16,10,17
6,4,1,3,3,4,3,4,3,3,5,3,2,2,4,4,5,4,4,4,4,5,6,1,3,11,10,15,13,21
6,4,3,4,4,4,3,4,4,3,3,2,5,5,3,4,4,3,4,4,3,4,6,2,3,15,11,18,11,18
6,5,2,5,5,3,4,3,3,3,3,3,5,2,2,5,4,3,3,4,4,5,6,1,4,15,10,16,11,19
6,4,3,4,4,2,4,4,4,3,4,2,4,3,4,5,5,3,4,5,5,4,6,2,2,13,12,16,14,21
6,4,1,2,1,2,4,3,1,3,4,3,1,4,3,3,3,3,3,3,3,3,6,2,4,6,8,15,9,15
6,5,3,5,4,3,4,4,3,2,3,2,4,3,3,4,5,3,3,5,4,5,3,2,4,15,11,14,12,20
6,5,4,4,4,3,4,4,3,5,2,3,4,3,3,4,5,4,3,4,4,5,6,2,6,15,11,17,12,20
6,4,4,3,4,3,4,3,3,3,3,1,3,3,3,4,4,3,3,3,3,4,5,1,4,14,10,13,11,16
6,5,2,3,2,3,5,5,5,2,2,3,1,1,5,5,5,4,5,5,5,5,4,1,5,10,15,9,15,24
6,4,3,5,5,4,3,4,3,3,3,1,5,1,3,4,5,3,3,5,4,4, ,1,7,17,10,13,12,19
6,4,4,4,4,3,2,2,3,2,4,3,4,2,1,2,2,4,3,4,4,3,5,2,4,15,7,15,5,18
6,4,3,4,4,1,4,5,4,3,3,3,4,3,4,3,5,3,5,5,5,5,4,1,2,12,13,16,12,23
6,4,3,3,4,3,4,4,3,4,3,2,4,4,4,4,4,4,4,4,4,4,4,1,2,13,11,17,12,20
6,4,1,4,4,2,3,3,3,3,2,2,2,2,3,3,3,3,3,3,3,3,4,1,4,11,9,11,9,15
6,4,5,5,5,5,3,3,3,4,3,4,5,1,3,4,4,4,4,4,4,4,5,2,4,20,9,17,11,20
6,4,3,4,4,3,3,5,3,3,3,1,3,5,3,3,5,5,3,4,4,4,4,1,4,14,11,15,11,20
6,5,4,5,5,4,4,5,4,3,3,2,4,1,2,5,5,4,4,5,4,5,6,1,6,18,13,13,12,22
6,5,3,5,5,3,5,5,4,3,3,2,3,3,4,5,5,5,5,5,5,5,5,2,4,16,14,14,14,25
6,4,3,2,3,2,4,4,1,4,3,3,3,3,3,3,4,3,3,4,4,4,6,2,2,10,9,16,10,18
6,4,4,4,2,3,3,3,4,4,5,4,2,5,1,3,3,4,3,4,2,3,4,1,6,13,10,20,7,16
6,4,2,5,5,2,4,5,3,1,2,3,5,3,2,5,4,3,3,3,3,4,6,1,5,14,12,14,11,16
6,4,4,5,5,4,3,4,3,3,4,3,4,3,4,3,4,3,3,4,4,4,6,2,6,18,10,17,11,18
6,4,4,3,4,4,1,3,2,3,4,1,4,4,1,3,3,3,3,3,3,4,3,1,5,15,6,16,7,16
6,5,2,4,4,1,5,5,5,1,3,3,4,1,2,5,5,5,5,5,5,5,6,1,7,11,15,12,12,25
6,5,4,3,3,3,5,5,4,3,3,3,4,5,3,4,5,5,5,4,5,4,5,2,5,13,14,18,12,23
6,4,3,3,3,3,3,4,3,1,2,4,3,4,3,3,3,3,3,5,3,3,2,1,6,12,10,14,9,17
6,4,2,4,4,2,4,4,3,4,1,2,3,1,3,4,4,3,4,5,5,4,6,1,5,12,11,11,11,21
6,5,4,5,5,4,4,5,4,3,3,3,1,1,2,4,5,4,5,4,5,5,6,1,2,18,13,11,11,23
6,5,4,5,4,3,5,4,3,3,3,3,1,1,5,5,5,5,5,5,5,5, ,1,3,16,12,11,15,25
6,4,2,4,3,3,3,3,3,3,3,2,4,1,3,4,4,3,3,4,4,4,3,2,2,12,9,13,11,18
6,4,4,4,4,4,4,4,3,4,3,4,5,3,4,4,4,3,4,4,4,4,5,2,1,16,11,19,12,19
6,5,1,4,4,2,3,5,3,3,3,3,4,1,4,4,4,4,4,4,3,4,5,1,2,11,11,14,12,19
6,4,2,4,4,2,3,1,3,2,2,2,4,4,2,3,4,3,3,4,2,4,7,1,2,12,7,14,9,16
6,4,2,3,3,3,4,4,4,3,3,3,4,3,3,4,4,3,4,4,4,4, ,1,3,11,12,16,11,19
6,4,4,5,5,4,3,4,4,4,2,3,5,2,3,4,4,4,4,5,4,4,4,1,2,18,11,16,11,21
6,5,3,4,4,3,5,5,5,3,4,3,2,2,3,4,4,4,5,5,5,5,5,2,2,14,15,14,11,24
6,4,4,4,4,3,3,3,3,3,3,3,3,3,3,3,3,3,3,3,3,3,5,2,4,15,9,15,9,15
6,4,3,4,4,3,5,4,3,4,2,3,3,3,4,4,5,4,5,5,5,5,4,2,2,14,12,15,13,24
6,4,4,5,4,4,5,4,2,3,2,5,4,4,3,4,5,3,2,3,3,3, ,1,7,17,11,18,12,14
6,4,4,5,4,3,4,4,3,3,3,2,4,3,3,3,4,4,3,4,3,4,7,2,5,16,11,15,10,18
6,5,3,3,3,3,5,5,4,3,3,2,3,2,4,5,5,5,5,5,5,5,3,1,4,12,14,13,14,25
6,4,3,4,5,5,4,4,3,3,3,3,5,2,4,4,4,4,3,4,4,4,5,2,4,17,11,16,12,19
6,4,3,4,5,3,4,3,3,2,2,2,3,2,3,4,4,4,4,4,4,5,5,2,1,15,10,11,11,21
6,4,3,5,4,2,4,5,5,3,3,3,4,3,4,5,5,5,4,5,5,5,6,1,4,14,14,16,14,24
6,4,3,4,5,3,3,3,4,3,4,2,4,5,4,4,4,4,3,4,4,4,7,2,2,15,10,18,12,19
6,4,4,5,4,4,5,5,5,3,4,3,4,4,3,5,5,4,4,5,4,5, ,2,2,17,15,18,13,22
6,5,2,3,3,3,5,5,5,4,5,4,4,1,4,5,5,4,5,5,5,5,6,2,2,11,15,18,14,24
6,5,2,3,3,3,4,4,4,4,2,2,1,4,1,4,4,3,3,4,4,4,7,2,2,11,12,13,9,18
6,4,3,4,4,4,4,3,4,2,3,2,4,4,3,4,4,3,4,3,4,4,6,1,2,15,11,15,11,18
6,4,4,5,5,4,3,4,4,2,1,1,2,1,3,5,5,3,2,4,4,5,6,1,4,18,11,7,13,18
6,4,3,5,4,3,4,3,3,2,2,2,4,2,3,4,4,4,3,4,4,3,6,2,3,15,10,12,11,18
6,4,2,5,4,3,4,4,4,3,4,3,3,4,3,3,3,4,4,4,4,4,4,2,3,14,12,17,9,20
6,4,4,4,4,4,4,2,4,2,3,5,2,3,2,4,4,3,4,5,5,5,2,1,4,16,10,15,10,22
6,4,4,5,5,5,4,3,3,3,2,3,2,2,4,5,5,4,4,4,4,5,5,1,5,19,10,12,14,21
6,4,2,4,3,2,4,3,3,3,3,3,4,2,3,3,3,3,3,4,3,4,3,2,3,11,10,15,9,17
6,4,4,5,4,4,4,4,3,1,3,2,1,1,3,4,4,3,3,4,4,4,6,2,2,17,11,8,11,18
6,4,4,5,5,4,4,4,4,3,4,2,4,2,4,4,5,3,5,4,4,5,4,2,2,18,12,15,13,21
6,4,1,4,4,4,4,3,3,3,3,2,2,3,3,4,4,4,3,4,4,4,7,2,2,13,10,13,11,19
6,4,4,4,4,4,5,3,3,3,3,2,3,2,2,4,4,3,5,4,3,4,4,1,7,16,11,13,10,19
6,4,3,4,4,5,4,4,3,3,4,3,3,4,4,4,4,4,4,4,4,4,3,1,6,16,11,17,12,20
6,4,3,2,4,2,4,4,3,3,4,3,3,4,3,4,4,3,4,4,4,4,6,2,3,11,11,17,11,19
6,4,3,4,3,4,4,3,4,3,3,3,1,3,3,4,4,3,3,4,4,4,4,2,4,14,11,13,11,18
6,4,4,4,4,3,3,4,3,1,2,3,5,1,3,4,4,3,3,3,3,4,4,1,4,15,10,12,11,16
6,4,3,3,3,2,3,3,3,3,2,2,4,2,3,3,4,2,2,4,4,3,4,2,4,11,9,13,10,15
6,4,3,4,4,5,3,3,4,3,3,3,3,3,3,3,3,3,2,4,4,4,6,2,2,16,10,15,9,17
6,4,5,3,4,3,5,5,3,2,2,3,3,3,3,5,3,3,5,5,5,5,2,2,6,15,13,13,11,23
6,4,4,4,4,4,4,4,4,4,4,2,4,4,4,4,4,4,4,4,4,4,4,2,5,16,12,18,12,20
6,4,3,4,3,3,4,4,3,5,4,4,2,4,4,5,5,5,5,5,4,5,4,1,6,13,11,19,14,24
6,4,2,2,4,4,3,3,4,2,3,2,5,4,3,3,3,3,3,4,3,3,6,2,2,12,10,16,9,16
6,4,4,4,4,3,4,4,3,3,4,5,1,3,3,4,4,3,5,4,3,5,4,2,6,15,11,16,11,20
6,5,4,4,3,3,4,4,4,4,5,2,4,1,2,4,5,3,3,4,5,5,7,1,3,14,12,16,11,20
6,4,4,4,4,3,4,5,3,4,3,4,1,2,4,4,5,4,4,4,4,5,4,2,5,15,12,14,13,21
6,4,3,3,2,3,3,3,3,3,3,3,3,3,3,5,4,3,4,5,3,5,6,1,5,11,9,15,12,20
6,4,2,3,2,4,4,5,4,2,3,4,2,3,4,5,5,4,4,5,4,5,6,2,2,11,13,14,14,22
6,5,4,5,5,5,5,5,4,4,3,3,5,4,4,5,5,5,5,5,5,5,3,2,4,19,14,19,14,25
6,5,3,4,4,3,5,5,3,5,4,4,2,1,4,4,4,4,4,5,5,4,4,2,2,14,13,16,12,22
6,4,3,5,3,1,4,5,3,3,3,2,4,3,3,3,4,3,3,5,4,5,6,2,3,12,12,15,10,20
6,4,4,4,4,3,4,4,3,2,2,3,1,4,3,4,4,4,3,4,4,4,4,2,3,15,11,12,11,19
6,4,4,4,3,4,4,3,4,3,3,2,3,5,2,3,3,3,2,4,4,4,6,2,2,15,11,16,8,17
6,5,4,5,5,5,5,5,4,5,4,2,5,1,4,5,5,4,5,5,5,5,4,1,5,19,14,17,14,24
6,4,3,4,4,3,3,4,4,3,1,3,3,2,3,4,4,3,4,4,4,4,6,1,6,14,11,12,11,19
6,4,2,3,3,3,4,4,3,3,3,3,3,3,3,4,5,4,3,5,5,4,5,2,4,11,11,15,12,21
6,4,3,3,3,3,4,3,4,3,3,3,3,3,3,4,4,3,3,3,3,3, ,1,7,12,11,15,11,15
6,4,3,4,4,3,3,3,3,3,3,3,4,3,3,3,4,3,3,3,3,3,4,2,4,14,9,16,10,15
6,4,4,4,3,4,4,4,2,2,3,2,2,2,3,4,3,3,3,4,3,4,6,1,6,15,10,11,10,17
6,4,4,5,5,4,5,4,3,4,4,3,4,3,4,4,5,4,4,5,5,5,4,2,5,18,12,18,13,23
6,4,3,3,3,3,4,4,3,3,4,3,2,3,3,4,4,4,4,3,3,3,3,2,6,12,11,15,11,17
6,4,4,4,4,4,4,4,3,3,4,4,2,1,3,4,5,4,4,4,4,5,4,2,4,16,11,14,12,21
6,5,4,4,4,4,4,4,4,2,2,2,3,1,3,5,4,4,4,4,4,4,7,1,3,16,12,10,12,20
6,5,4,5,5,4,5,5,4,5,4,4,5,3,4,5,5,4,5,5,5,5,6,1,5,18,14,21,14,24
6,4,4,3,3,4,4,4,3,3,3,2,3,4,3,4,4,3,4,3,4,4,6,1,6,14,11,15,11,18
6,4,1,4,1,1,3,3,5,3,3,2,4,4,3,4,4,3,3,4,4,4,7,2,4,7,11,16,11,18
6,5,3,2,2,1,5,5,4,3,2,2,1,3,5,4,5,3,4,5,4,5,4,1,4,8,14,11,14,21
6,4,4,4,4,4,4,4,3,3,3,3,3,2,3,4,4,4,4,4,3,4,3,2,4,16,11,14,11,19
6,4,4,3,3,4,4,4,3,3,3,2,3,3,3,4,4,5,4,4,4,4,4,2,5,14,11,14,11,21
6,4,2,3,4,2,3,4,2,4,4,3,4,4,3,4,4,3,3,3,4,4,6,2,3,11,9,19,11,17
6,5,3,5,4,3,4,4,4,3,3,3,4,3,4,5,4,3,4,4,5,4,3,1,7,15,12,16,13,20
6,5,4,3,3,3,4,4,4,1,1,2,4,1,4,4,5,4,4,4,4,5,5,1,7,13,12,9,13,21
6,4,3,2,2,5,3,4,4,3,2,3,2,1,3,4,4,3,3,4,3,4,3,1,6,12,11,11,11,17
6,5,4,3,3,4,3,2,3,3,2,3,2,2,3,1,2,3,2,1,3,4,5,1,1,14,8,12,6,13
6,4,2,4,4,2,5,4,4,3,4,3,4,2,2,4,5,5,4,5,5,4,7,2,6,12,13,16,11,23
6,4,3,4,2,5,4,4,3,3,3,3,3,4,3,4,4,3,3,4,4,3,2,2,4,14,11,16,11,17
6,5,4,5,5,5,3,4,3,4,4,3,1,5,3,3,3,3,1,4,3,5,4,2,2,19,10,17,9,16
6,5,4,4,4,2,5,5,3,1,3,2,2,1,4,5,5,5,5,5,5,5,3,2,5,14,13,9,14,25
6,4,4,3,3,1,3,3,3,2,1,3,1,2,2,4,4,3,4,5,4,4,4,2,4,11,9,9,10,20
6,5,4,3,4,3,5,5,5,3,3,3,1,2,5,4,4,4,4,4,5,5,3,1,6,14,15,12,13,22
6,4,3,4,4,2,3,3,3,2,3,2,4,4,2,4,4,3,3,4,4,4,6,1,2,13,9,15,10,18
6,4,2,3,3,1,4,5,3,5,3,2,3,3,2,4,4,3,3,3,4,4,6,2,2,9,12,16,10,17
6,4,2,4,3,1,3,4,3,3,3,3,4,5,3,3,4,4,4,4,3,5,6,2,4,10,10,18,10,20
6,4,3,4,4,2,4,4,4,3,3,3,3,3,3,4,4,4,4,4,4,4,4,1,3,13,12,15,11,20
6,4,3,4,4,4,5,4,5,4,2,4,3,4,4,5,5,5,4,4,4,5,4,2,4,15,14,17,14,22
6,4,2,4,4,3,4,4,3,3,3,2,3,2,3,4,4,3,4,4,4,4,6,2,4,13,11,13,11,19
6,5,5,4,5,4,5,5,5,2,1,3,5,3,3,5,5,4,5,5,5,5,3,1,5,18,15,14,13,24
6,4,4,4,4,2,3,3,3,2,3,2,4,3,3,4,4,3,3,3,3,3,5,2,2,14,9,14,11,15
6,5,4,1,1,2,4,5,3,1,4,3,1,3,4,5,5,3,4,5,4,4,2,2,6,8,12,12,14,20
6,5,4,3,2,4,5,5,5,3,4,3,2,2,4,5,5,5,4,5,5,5,4,2,2,13,15,14,14,24
6,4,4,3,4,4,5,5,3,3,3,3,3,4,4,5,5,5,5,5,5,5,4,2,3,15,13,16,14,25
6,4,3,3,4,2,3,4,3,3,4,4,5,4,3,4,4,3,3,3,4,4,6,2,4,12,10,20,11,17
6,5,2,3,4,2,3,3,2,2,3,3,3,2,2,4,4,3,4,5,3,4,7,1,2,11,8,13,10,19
6,4,3,4,5,4,3,3,3,3,3,1,4,2,3,4,3,3,3,4,4,5,6,2,4,16,9,13,10,19
6,4,2,4,4,2,3,3,3,3,3,3,4,3,3,4,4,3,4,4,3,4,5,2,2,12,9,16,11,18
6,4,4,2,2,3,3,3,3,3,3,4,2,2,3,3,4,3,3,3,3,4,4,2,4,11,9,14,10,16
6,4,4,4,4,4,3,4,4,2,4,1,3,4,4,4,4,4,4,4,4,4,3,2,4,16,11,14,12,20
6,4,4,4,4,4,5,5,3,3,2,3,2,3,4,4,4,4,5,4,5,5,3,2,5,16,13,13,12,23
6,4,2,4,5,5,3,3,3,1,2,3,2,3,3,3,5,3,3,3,3,5,5,1,6,16,9,11,11,17
6,5,3,4,4,3,3,4,4,3,2,2,4,3,3,4,4,4,3,4,4,4,7,1,2,14,11,14,11,19
6,5,3,4,4,4,4,2,5,5,4,4,2,3,4,5,4,3,4,3,5,5,7,1,1,15,11,18,13,20
6,4,2,4,4,3,2,3,3,3,3,3,3,2,4,4,4,3,4,4,3,3,7,2,3,13,8,14,12,17
6,5,3,4,5,3,4,4,4,2,4,3,3,3,3,4,4,3,4,3,4,4,6,1,4,15,12,15,11,18
6,4,4,4,4,3,5,5,3,3,3,3,2,3,3,5,5,5,5,5,5,5,1,2,6,15,13,14,13,25
6,5,1,2,2,1,5,5,5,3,3,2,2,5,4,5,5,5,5,5,5,5,7,1,4,6,15,15,14,25
6,4,1,2,2,2,4,5,3,3,3,2,3,4,3,3,4,4,5,3,3,4,2,2,5,7,12,15,10,19
6,4,3,4,4,3,5,4,5,3,4,3,2,4,4,4,5,4,4,4,4,4,4,2,4,14,14,16,13,20
6,4,3,3,4,3,3,4,4,1,3,1,2,4,3,3,4,4,3,4,3,5,3,1,7,13,11,11,10,19
6,4,3,4,4,2,3,4,4,3,3,2,4,4,3,3,4,3,3,4,4,4,6,1,2,13,11,16,10,18
6,4,4,5,5,5,4,4,4,4,3,1,4,4,1,5,3,3,5,4,5,3,7,2,4,19,12,16,9,20
6,5,4,4,4,3,5,4,4,3,3,3,3,4,4,4,5,4,4,4,5,5,6,1,4,15,13,16,13,22
6,5,3,3,3,2,5,4,3,1,3,4,3,5,3,4,5,5,5,4,4,4,6,2,5,11,12,16,12,22
6,4,3,4,3,3,3,3,3,4,3,3,4,3,3,4,3,4,3,4,3,4,4,1,2,13,9,17,10,18
6,4,4,3,3,4,5,4,4,3,3,1,3,3,3,3,4,4,5,4,4,4,6,2,2,14,13,13,10,21
6,5,4,4,3,2,5,5,4,2,3,1,1,2,3,5,5,4,4,5,5,5,7,1,7,13,14,9,13,23
6,4,4,5,5,4,5,3,3,3,3,3,4,3,4,5,4,4,4,4,4,4,6,2,6,18,11,16,13,20
6,4,2,3,3,3,4,4,3,3,2,3,1,3,4,4,4,3,4,5,4,4,2,1,5,11,11,12,12,20
6,5,5,5,5,1,5,5,5,3,3,2,5,1,3,5,5,5,5,5,4,5,3,2,5,16,15,14,13,24
6,4,2,2,2,3,5,4,3,1,3,3,3,2,4,4,4,4,4,5,5,5,4,1,4,9,12,12,12,23
6,5,3,4,3,2,5,5,4,3,3,2,1,3,5,5,5,5,5,5,5,5,6,1,5,12,14,12,15,25
6,5,2,5,5,4,5,5,4,4,4,4,3,2,4,4,5,5,5,5,5,5,4,1,2,16,14,17,13,25
6,4,2,4,4,3,3,3,3,3,4,3,4,5,2,3,4,3,2,2,3,4,5,1,2,13,9,19,9,14
6,4,4,4,4,3,5,4,4,3,4,2,3,2,3,3,3,4,3,3,4,3,6,2,5,15,13,14,9,17
6,4,4,4,5,4,4,4,4,4,1,1,4,1,3,5,5,4,5,5,4,4,6,1,5,17,12,11,13,22
6,5,3,4,4,3,4,5,4,2,2,2,3,3,4,4,5,5,4,4,5,5,6,1,3,14,13,12,13,23
6,4,3,4,5,4,4,4,3,3,4,2,2,2,4,4,4,4,3,4,4,3,4,1,2,16,11,13,12,18
6,5,2,3,3,2,4,5,4,2,3,3,2,3,2,3,4,3,4,4,4,4,3,2,5,10,13,13,9,19
6,4,2,4,2,2,5,5,4,5,3,2,2,2,3,5,5,4,4,5,5,5,6,1,6,10,14,14,13,23
6,4,3,4,4,1,5,5,3,3,3,2,4,3,4,5,5,3,3,5,4,5,4,1,3,12,13,15,14,20
6,5,2,5,5,2,5,4,3,3,3,4,1,1,4,4,5,3,5,5,4,5,6,1,5,14,12,12,13,22
6,5,3,3,3,4,4,5,3,3,3,2,2,4,4,4,5,5,5,5,4,5,7,1,6,13,12,14,13,24
7,4,4,3,3,3,4,4,4,3,2,3,1,2,3,4,4,4,4,4,5,4,4,2,4,13,12,11,11,21
7,5,2,3,2,4,4,4,4,3,4,3,3,2,3,5,4,3,5,5,4,4,5,2,1,11,12,15,12,21
7,4,3,3,3,3,3,4,4,3,3,1,1,2,3,5,4,3,4,4,3,4,6,1,5,12,11,10,12,18
7,4,3,4,4,3,3,4,3,2,3,2,2,5,3,4,4,4,4,4,5,3,7,2,2,14,10,14,11,20
7,5,3,2,2,4,4,4,4,3,3,3,3,3,3,4,4,4,3,5,4,4,7,1,2,11,12,15,11,20
7,5,4,4,4,2,4,4,4,3,3,2,4,1,4,5,4,5,4,5,5,5,7,2,3,14,12,13,13,24
7,5,3,3,3,4,4,3,5,1,1,3,1,3,4,4,5,3,4,5,5,5,4,1,4,13,12,9,13,22
7,4,3,3,3,5,4,4,4,1,3,3,2,4,3,3,4,3,4,4,4,4,6,2,2,14,12,13,10,19
7,4,4,4,4,4,4,4,4,4,4,3,4,3,4,4,4,4,4,4,4,4,6,1,6,16,12,18,12,20
7,5,4,2,4,3,3,4,4,5,5,3,3,3,3,4,5,4,5,5,5,5,6,2,2,13,11,19,12,24
7,4,4,4,4,4,5,4,5,3,3,4,1,5,5,5,5,4,5,5,5,5,4,2,2,16,14,16,15,24
7,5,4,3,4,4,2,5,5,1,3,3,3,4,5,5,5,4,5,5,5,5,2,1,4,15,12,14,15,24
7,5,4,4,4,3,4,4,4,2,2,3,4,3,3,4,3,3,4,4,4,4,4,1,2,15,12,14,10,19
7,4,3,2,2,4,4,4,5,4,4,4,4,2,3,5,5,4,3,5,4,5, ,1,1,11,13,18,13,21
7,4,3,2,2,2,3,4,3,3,3,3,1,3,3,3,4,3,4,3,3,4,4,2,4,9,10,13,10,17
7,4,4,4,4,4,4,5,5,3,3,3,3,4,3,4,5,4,4,5,5,5,4,2,4,16,14,16,12,23
7,5,4,4,4,2,5,4,5,3,3,3,3,3,4,5,5,4,5,5,5,5,2,1,7,14,14,15,14,24
7,4,4,3,4,1,5,5,5,3,5,2,1,5,4,5,5,4,4,5,5,5,4,1,7,12,15,16,14,23
7,5,2,4,4,3,5,4,4,4,4,3,4,4,5,4,4,4,5,4,5,4,6,1,3,13,13,19,13,22
7,5,2,4,4,2,4,4,5,2,4,3,4,4,3,3,3,3,3,4,3,3,7,2,4,12,13,17,9,16
7,5,3,4,4,2,5,4,5,1,3,2,3,1,4,5,5,4,5,5,4,4,4,1,1,13,14,10,14,22
7,4,4,4,5,3,4,4,5,2,4,2,4,4,3,4,4,4,3,4,4,4, ,2,5,16,13,16,11,19
7,5,3,4,3,3,4,4,4,1,4,3,2,1,4,4,4,4,3,5,5,4,6,2,7,13,12,11,12,21
7,4,5,5,5,4,3,4,4,1,4,1,4,1,3,4,4,3,3,3,5,4,4,1,4,19,11,11,11,18
7,4,3,5,5,4,4,4,4,4,4,2,4,5,3,4,4,4,4,4,4,4,3,1,5,17,12,19,11,20
7,4,4,3,3,3,4,5,5,3,3,2,1,1,3,5,5,4,5,4,4,5,5,1,2,13,14,10,13,22
7,4,3,4,4,4,4,5,4,2,3,3,4,3,4,5,3,4,5,3,4,5,4,1,4,15,13,15,12,21
7,5,5,5,5,4,4,5,5,1,4,3,3,1,3,4,4,3,4,4,4,5,6,2,5,19,14,12,11,20
7,5,5,2,2,4,5,5,5,4,3,4,2,2,4,5,5,5,5,5,4,5,6,2,2,13,15,15,14,24
7,5,4,3,3,3,5,5,5,5,3,2,3,3,5,5,5,4,5,5,5,5,6,2,3,13,15,16,15,24
7,5,3,2,2,3,5,5,5,3,5,3,2,3,3,4,5,3,4,5,4,4,6,1,7,10,15,16,12,20
7,5,4,4,4,4,4,3,4,1,3,3,2,4,4,3,4,3,4,4,4,4,6,1,2,16,11,13,11,19
7,5,3,4,4,3,4,5,4,3,2,3,4,1,4,5,4,5,5,5,5,4, ,2,3,14,13,13,13,24
7,5,4,4,5,2,3,3,3,2,3,3,2,3,3,3,4,3,3,3,4,4,7,2,2,15,9,13,10,17
7,5,2,2,3,2,4,4,4,3,3,3,1,4,3,4,4,4,3,5,4,4,6,2,4,9,12,14,11,20
7,5,1,2,2,2,3,3,4,3,3,3,3,4,1,5,3,3,3,5,4,3,6,2,4,7,10,16,9,18
7,5,5,5,5,5,4,5,5,1,4,3,3,1,3,5,5,3,5,5,4,5, ,1,5,20,14,12,13,22
7,5,4,4,5,4,5,5,5,4,3,5,2,1,5,5,5,4,5,5,5,5,6,2,2,17,15,15,15,24
7,5,5,5,5,4,5,5,5,1,5,2,5,1,4,4,5,4,5,5,5,5, ,1,5,19,15,14,13,24
7,4,4,1,2,1,4,5,5,3,3,3,1,3,5,5,5,3,4,5,5,5, ,1,6,8,14,13,15,22
7,4,4,4,4,5,5,5,5,3,3,3,3,3,5,5,5,5,5,5,5,5,3,2,4,17,15,15,15,25
7,5,3,3,4,3,5,5,5,3,3,3,4,4,3,5,5,5,4,5,5,5,4,1,6,13,15,17,13,24
7,4,4,4,4,3,4,5,5,3,3,2,4,3,5,5,5,4,5,5,5,5,4,1,6,15,14,15,15,24
7,5,3,3,4,3,3,2,4,4,4,3,4,3,3,2,2,4,3,4,4,2,6,1,2,13,9,18,7,17
7,4,5,4,5,4,5,5,4,3,3,3,5,3,4,5,5,4,5,5,5,5,4,2,3,18,14,17,14,24
7,5,3,1,2,3,5,5,5,3,3,3,3,5,3,5,5,3,4,5,4,5,6,2,2,9,15,17,13,21
7,4,3,4,4,3,3,3,3,3,3,3,3,3,3,3,3,3,3,3,3,3,6,1,2,14,9,15,9,15
7,5,3,3,3,4,5,5,5,3,5,4,2,4,4,5,5,4,5,5,4,5,6,2,3,13,15,18,14,23
7,5,4,4,4,2,5,5,5,4,4,4,3,4,5,5,5,5,5,5,5,5,5,2,2,14,15,19,15,25
7,5,2,4,4,3,2,5,5,3,3,2,2,5,2,4,3,3,3,4,4,4,7,2,2,13,12,15,9,18
7,5,4,4,4,5,5,5,4,3,3,2,4,4,3,4,5,4,4,4,4,5,6,1,3,17,14,16,12,21
7,4,2,5,5,2,3,4,4,4,2,4,4,1,3,3,4,4,3,4,4,3,7,2,2,14,11,15,10,18
7,5,2,4,5,2,5,4,4,4,3,4,2,5,4,4,4,4,4,4,5,4,5,2,2,13,13,18,12,21
7,4,3,5,5,2,5,4,5,1,3,2,4,1,3,4,5,3,4,4,3,5,4,2,4,15,14,11,12,19
7,4,5,4,5,4,4,4,5,4,4,2,3,4,5,5,4,5,4,5,5,4,4,1,4,18,13,17,14,23
7,4,4,4,4,4,4,4,4,2,4,4,4,2,3,4,4,4,4,4,4,4,4,1,7,16,12,16,11,20
7,4,1,2,2,2,1,5,4,1,1,3,1,3,1,3,4,4,1,4,5,4,3,1,2,7,10,9,8,18
7,5,3,3,4,3,5,5,5,4,4,3,4,5,4,5,5,5,5,5,5,5,2,1,5,13,15,20,14,25
7,4,3,4,4,3,4,5,5,3,3,3,2,3,3,4,4,4,4,5,4,5,6,2,2,14,14,14,11,22
7,4,3,5,4,4,3,3,4,4,3,3,4,3,1,3,3,3,2,5,4,4,6,2,2,16,10,17,7,18
7,5,5,4,5,4,5,4,4,5,3,2,2,2,4,5,5,4,5,5,4,4,4,2,3,18,13,14,14,22
7,5,2,4,5,3,4,5,4,3,4,2,2,4,2,5,4,5,5,5,5,5,7,1,2,14,13,15,11,25
7,4,3,4,4,4,5,5,4,3,3,3,3,3,5,5,5,5,5,5,5,5,6,2,2,15,14,15,15,25
7,5,4,3,3,2,5,5,5,3,5,3,3,5,5,5,4,5,5,5,5,5,4,2,2,12,15,19,14,25
7,4,3,2,2,3,3,5,4,3,3,3,1,1,3,3,1,3,3,3,3,5,3,2,2,10,12,11,7,17
7,4,3,4,4,3,3,4,4,3,3,3,2,4,3,4,4,3,3,4,4,4,5,2,2,14,11,15,11,18
7,5,3,4,4,4,5,5,5,3,3,4,4,3,5,5,5,4,4,5,4,5,4,2,2,15,15,17,15,22
7,5,3,3,2,2,4,4,4,2,3,4,2,5,4,4,4,4,5,4,5,4,3,1,1,10,12,16,12,22
7,4,3,4,4,3,4,4,3,3,2,3,3,3,4,4,4,4,4,4,4,5,5,1,6,14,11,14,12,21
7,5,4,5,5,5,4,3,5,3,1,3,4,2,4,4,5,4,5,5,5,5,5,2,7,19,12,13,13,24
7,5,5,5,4,5,5,5,5,2,3,4,1,1,5,5,5,5,5,5,5,5,7,1,7,19,15,11,15,25
7,4,5,5,5,5,3,4,5,1,2,3,4,4,3,5,4,5,5,5,5,5,4,1,2,20,12,14,12,25
7,4,4,4,4,4,4,4,5,3,3,3,3,3,4,5,5,4,5,4,4,5,4,2,6,16,13,15,14,22
7,5,3,3,4,3,5,5,5,4,1,5,2,5,3,5,5,4,5,5,5,5,3,2,6,13,15,17,13,24
7,4,1,2,2,2,4,4,4,3,3,2,1,1,3,4,4,4,4,4,4,4,6,2,3,7,12,10,11,20
7,4,2,4,4,2,3,4,4,3,3,3,4,3,4,4,4,4,4,4,4,4,5,1,2,12,11,16,12,20
7,4,5,5,5,5,5,5,5,2,5,2,4,5,3,4,5,4,4,5,5,5,6,1,5,20,15,18,12,23
7,4,3,3,4,4,4,3,3,4,2,3,3,4,4,4,3,4,4,4,4,3,7,2,1,14,10,16,11,19
7,5,5,5,5,5,5,5,5,4,4,2,4,5,4,5,4,4,3,4,5,4,1,1,6,20,15,19,13,20
7,5,3,4,4,2,5,3,5,2,2,3,3,5,3,4,5,4,4,5,4,4,6,1,4,13,13,15,12,21
7,4,4,4,4,3,5,4,4,1,5,3,5,3,3,5,5,4,5,5,4,4,4,1,6,15,13,17,13,22
7,5,3,2,2,3,5,5,5,3,3,3,3,3,3,5,5,3,5,4,4,5,4,1,3,10,15,15,13,21
7,5,4,3,3,3,5,5,5,5,4,4,3,3,5,5,5,5,5,5,5,5,4,2,2,13,15,19,15,25
7,4,5,5,4,3,4,5,4,5,2,2,5,1,5,4,4,5,4,5,5,5,2,1,7,17,13,15,13,24
7,5,4,4,3,5,5,5,5,3,2,4,1,3,5,5,5,4,5,5,5,5,6,2,4,16,15,13,15,24
7,4,4,4,3,3,5,4,5,3,5,4,3,5,5,5,5,3,4,5,4,5,4,2,4,14,14,20,15,21
7,4,4,4,3,3,4,5,4,4,3,2,3,3,4,4,5,4,4,4,5,5,3,1,4,14,13,15,13,22
7,4,4,4,4,4,3,4,4,3,3,3,3,3,4,4,4,4,4,4,4,4,4,2,2,16,11,15,12,20
7,4,3,4,5,2,4,4,3,2,3,3,4,4,3,4,4,3,4,5,4,4,4,2,4,14,11,16,11,20
7,5,4,5,5,3,5,5,4,3,3,3,3,4,4,5,5,4,5,5,4,4,3,2,3,17,14,16,14,22
7,5,3,4,5,2,4,4,5,3,1,2,3,2,4,4,5,4,5,5,5,5,5,1,4,14,13,11,13,24
7,4,3,4,4,2,5,5,4,3,4,4,3,3,4,4,4,2,5,4,4,5, ,2,5,13,14,17,12,20
7,4,3,4,4,3,4,4,4,1,3,2,3,4,2,4,4,2,4,4,3,4,6,1,4,14,12,13,10,17
7,4,2,2,2,2,3,3,2,2,2,4,2,4,3,3,4,4,4,2,5,3,6,2,5,8,8,14,10,18
7,4,3,5,3,4,4,5,3,2,5,3,3,4,3,3,4,4,4,4,4,4,4,1,4,15,12,17,10,20
7,5,3,4,4,3,4,4,4,3,2,3,2,4,3,4,4,4,4,4,4,5,4,1,5,14,12,14,11,21
7,4,5,5,4,4,4,5,5,2,2,1,3,3,3,5,5,4,4,4,5,5,7,1,6,18,14,11,13,22
7,4,4,4,4,4,4,4,4,2,3,2,4,3,3,4,4,3,4,4,4,4,6,2,2,16,12,14,11,19
7,4,4,5,5,5,4,3,4,4,2,3,4,4,3,3,4,4,3,4,4,4,7,2,2,19,11,17,10,19
7,5,4,5,5,3,5,5,5,3,1,2,4,1,4,5,5,5,5,5,5,5,7,1,4,17,15,11,14,25
7,4,3,4,3,2,4,3,4,1,3,3,3,4,2,3,4,3,3,4,4,4,4,2,4,12,11,14,9,18
7,5,4,4,4,4,5,5,5,4,4,2,4,2,4,4,5,4,5,5,4,5,3,2,2,16,15,16,13,23
7,4,2,5,4,5,4,4,4,2,3,2,2,1,3,5,4,4,4,4,5,5,6,1,4,16,12,10,12,22
7,5,4,4,3,4,5,5,5,4,5,2,4,5,5,5,5,5,5,5,5,5,6,1,6,15,15,20,15,25
7,5,3,5,4,1,5,4,4,3,3,3,3,3,4,5,5,4,4,4,4,4,5,2,5,13,13,15,14,20
7,5,3,3,2,3,3,5,4,3,3,4,2,4,4,5,4,5,5,5,5,4,5,2,6,11,12,16,13,24
7,5,3,4,3,3,5,4,4,3,3,2,3,2,4,5,4,4,4,5,4,5,4,1,2,13,13,13,13,22
7,5,3,3,2,3,5,5,4,1,3,3,3,1,4,5,5,4,5,5,5,5,6,1,7,11,14,11,14,24
7,5,4,4,5,4,5,5,4,3,3,2,3,3,3,5,5,5,5,5,5,5, ,2,6,17,14,14,13,25
7,5,4,4,3,4,5,5,5,4,4,2,4,5,5,5,5,5,5,5,5,5,5,2,4,15,15,19,15,25
7,5,4,3,2,4,4,5,4,2,3,3,2,2,4,5,5,5,5,5,4,5,5,1,2,13,13,12,14,24
7,4,3,4,3,3,4,3,5,5,4,2,3,3,3,4,4,3,4,3,4,4,4,2,6,13,12,17,11,18
7,5,5,3,4,5,5,5,5,3,2,4,1,2,3,4,5,5,5,5,5,5,6,1,6,17,15,12,12,25
7,5,5,3,5,5,5,5,5,3,4,5,2,3,4,5,5,5,5,5,5,5, ,2,5,18,15,17,14,25
7,4,4,4,5,4,4,4,4,3,3,3,4,2,4,4,4,4,5,4,4,5,6,2,2,17,12,15,12,22
7,5,4,4,5,5,5,4,5,5,4,1,4,4,5,5,5,5,4,5,4,5,4,1,2,18,14,18,15,23
7,5,2,3,4,4,5,5,4,3,2,3,1,3,2,4,4,4,5,5,4,5,6,2,4,13,14,12,10,23
7,5,5,4,5,5,5,5,5,3,3,4,4,5,4,5,5,5,5,5,5,5,6,1,3,19,15,19,14,25
7,4,3,3,3,4,4,4,4,3,3,3,2,3,3,4,4,4,4,4,4,5,4,2,4,13,12,14,11,21
7,5,4,5,5,3,4,5,5,3,3,2,5,2,4,5,5,4,5,4,4,5,6,2,2,17,14,15,14,22
7,4,4,4,4,5,5,5,5,3,4,2,4,1,3,4,5,4,4,5,4,5,6,1,6,17,15,14,12,22
7,5,4,4,4,4,5,5,5,3,4,3,3,1,5,5,5,5,5,5,5,5, ,2,3,16,15,14,15,25
7,5,3,3,3,3,5,5,5,3,4,3,4,4,4,5,5,5,5,5,5,5,4,2,3,12,15,18,14,25
7,5,4,4,3,2,4,5,5,3,5,3,2,3,5,5,5,5,5,5,5,5,4,1,5,13,14,16,15,25
7,5,3,4,4,3,5,5,5,5,3,3,4,3,4,5,5,5,4,5,5,5,3,2,4,14,15,18,14,24
7,5,4,4,4,4,5,5,5,4,4,2,3,1,5,5,5,5,5,5,5,5,6,1,4,16,15,14,15,25
7,5,2,3,5,3,4,5,5,3,2,3,4,3,3,5,4,4,5,5,5,5,7,1,4,13,14,15,12,24
7,5,4,4,4,4,5,5,5,3,4,4,4,4,3,5,5,3,5,4,5,4,4,2,6,16,15,19,13,21
7,4,3,4,3,4,4,5,4,2,3,4,2,3,1,4,4,3,4,5,4,5,4,1,5,14,13,14,9,21
7,4,4,4,4,4,4,4,3,1,4,2,5,3,4,3,4,3,4,4,4,5,2,1,5,16,11,15,11,20
7,5,4,4,4,4,5,5,5,2,4,3,2,4,4,5,5,4,5,5,5,5,7,1,4,16,15,15,14,24
7,4,3,2,3,4,3,3,3,4,4,3,2,3,3,3,4,3,4,4,4,4,5,1,1,12,9,16,10,19
7,5,4,4,3,4,3,5,5,4,2,2,3,4,4,5,5,5,5,5,5,5,7,2,4,15,13,15,14,25
7,5,4,4,4,3,4,4,4,3,1,2,2,2,4,4,4,4,4,4,4,4,5,1,4,15,12,10,12,20
7,5,3,3,2,2,5,5,4,3,3,3,3,4,5,5,5,5,5,5,5,5,4,1,6,10,14,16,15,25
7,4,4,3,2,3,4,3,4,1,3,3,3,3,2,4,4,4,4,4,4,4,6,2,2,12,11,13,10,20
7,5,3,3,4,2,5,5,5,2,5,3,2,4,5,5,5,5,5,5,5,5,6,1,3,12,15,16,15,25
7,4,3,2,4,4,4,3,5,5,2,1,4,4,4,3,4,4,4,4,5,4,5,1,1,13,12,16,11,21
7,5,4,4,4,3,5,5,5,5,4,4,3,5,5,5,4,5,5,5,5,5,4,2,4,15,15,21,14,25
7,4,3,4,4,3,3,4,4,3,3,3,2,3,3,4,4,4,4,4,4,4, ,1,5,14,11,14,11,20
7,5,5,1,1,4,5,5,5,4,5,2,1,5,4,5,5,4,5,5,5,5,6,2,6,11,15,17,14,24
7,4,2,3,3,3,4,4,5,2,3,3,3,4,4,4,4,4,4,4,4,4,4,1,4,11,13,15,12,20
7,4,2,2,2,4,5,5,5,3,3,4,3,1,2,5,5,4,4,4,4,4,4,1,4,10,15,14,12,20
7,4,3,3,4,3,4,4,4,3,4,3,3,2,3,4,4,3,4,4,5,5,4,2,2,13,12,15,11,21
7,5,4,4,4,3,3,4,3,2,3,4,2,3,4,3,4,3,4,3,4,4,6,2,2,15,10,14,11,18
7,5,4,2,4,2,5,5,5,2,2,2,3,2,5,5,5,5,5,5,4,5, ,2,4,12,15,11,15,24
7,4,3,4,5,5,4,5,4,3,3,3,4,4,4,5,4,4,5,5,5,5, ,1,1,17,13,17,13,24
7,5,4,5,5,4,4,4,4,3,3,3,3,1,4,5,5,4,4,4,5,4,4,1,5,18,12,13,14,21
7,5,5,3,3,5,5,5,5,2,2,2,2,1,5,5,5,5,5,5,4,5,4,2,3,16,15,9,15,24
7,5,5,5,5,5,5,4,5,1,3,3,4,2,2,4,4,4,4,4,4,4,5,1,6,20,14,13,10,20
7,4,4,4,4,4,4,4,3,4,4,3,4,3,4,4,5,4,4,4,3,3,4,2,4,16,11,18,13,18
7,5,4,4,5,4,4,4,5,2,4,3,4,4,4,5,5,4,5,5,5,5,6,2,3,17,13,17,14,24
7,4,2,4,4,3,4,3,4,2,4,3,4,1,3,3,3,3,3,4,3,3,3,1,2,13,11,14,9,16
7,5,2,3,3,3,5,5,5,3,3,3,2,2,4,5,5,4,4,4,4,5,6,2,3,11,15,13,14,21
7,4,1,1,3,1,3,3,4,3,3,3,2,5,3,3,4,4,4,4,5,4,7,2,2,6,10,16,10,21
7,4,3,4,4,2,5,5,4,3,3,2,4,1,4,5,5,4,5,5,5,5,2,2,5,13,14,13,14,24
7,5,3,5,5,4,4,4,4,2,5,3,2,4,3,4,5,4,5,4,4,4,6,1,7,17,12,16,12,21
7,5,4,1,4,4,5,5,5,3,1,2,4,1,4,5,5,5,5,5,5,5,6,1,4,13,15,11,14,25
1,3,3,3,3,3,3,3,2,1,3,3,3,3,3,3,3,3,3,3,3,5,2,1,5,12,8,13,9,17
1,2,3,4,4,3,1,1,1,1,3,1,3,4,1,1,1,1,1,1,1,1,5,2,4,14,3,12,3,5
1,3,3,4,4,4,2,2,3,3,2,2,5,1,2,3,4,4,2,4,4,4,6,1,7,15,7,13,9,18
1,2,4,3,3,4,1,1,1,3,1,1,3,1,1,2,1,1,1,2,1,1,6,1,2,14,3,9,4,6
1,3,3,4,4,2,2,3,1,1,2,1,4,3,1,3,3,3,3,3,3,3,6,1,4,13,6,11,7,15
1,1,3,4,4,3,1,1,1,3,3,1,2,4,1,1,1,2,1,1,2,1,6,1,4,14,3,13,3,7
1,3,3,4,5,3,1,1,1,1,3,1,4,1,1,1,1,1,1,1,3,2,4,2,4,15,3,10,3,8
1,1,4,5,4,4,1,1,1,1,1,1,4,1,1,1,1,1,1,1,1,1,6,1,5,17,3,8,3,5
1,3,3,5,5,3,1,1,1,1,1,1,3,3,1,1,3,1,1,1,1,1,3,1,6,16,3,9,5,5
1,3,3,5,4,3,2,2,2,2,3,1,1,2,2,3,3,2,3,2,3,3,4,1,6,15,6,9,8,13
1,3,4,4,4,2,4,4,3,4,3,1,3,2,4,4,4,4,4,4,4,4,3,2,5,14,11,13,12,20
2,4,3,3,3,3,1,4,3,1,1,1,2,1,3,3,4,3,4,3,3,4,4,2,3,12,8,6,10,17
2,4,3,3,3,3,4,4,4,3,2,2,3,2,3,3,4,3,3,4,4,4,6,2,2,12,12,12,10,18
2,4,3,3,3,3,3,3,3,3,3,3,3,3,3,3,3,3,3,3,3,3,4,1,2,12,9,15,9,15
2,5,2,5,5,4,3,4,4,3,2,2,5,1,3,4,4,4,4,4,4,4,5,2,1,16,11,13,11,20
2,4,4,4,4,4,4,4,3,3,2,2,2,1,3,4,4,3,4,4,4,4,4,2,3,16,11,10,11,19
3,3,3,5,4,4,2,2,3,3,3,1,2,3,3,3,2,2,2,3,3,3,6,1,5,16,7,12,8,13
3,3,3,3,3,3,3,3,3,1,2,1,4,1,3,3,3,3,2,4,4,3,6,1,4,12,9,9,9,16
3,3,2,2,2,2,3,3,2,2,3,3,2,4,2,4,3,3,3,4,4,4,4,2,4,8,8,14,9,18
3,3,4,4,4,1,3,4,3,3,5,4,4,1,3,3,4,3,3,4,3,5,6,2,4,13,10,17,10,18
3,3,3,4,4,3,2,3,3,3,3,2,4,3,2,3,3,3,2,3,3,3,6,1,5,14,8,15,8,14
3,3,4,5,5,4,2,4,4,2,2,1,2,2,3,4,4,3,3,4,4,4, ,1,6,18,10,9,11,18
3,3,3,4,3,4,5,2,3,3,2,4,4,1,4,3,2,3,3,2,3,1,4,1,2,14,10,14,9,12
3,3,2,4,4,3,3,3,3,3,3,2,3,3,3,3,4,3,3,3,3,4,7,1,4,13,9,14,10,16
3,3,3,3,3,3,3,3,3,3,3,3,3,3,3,3,3,3,3,4,3,3,6,2,2,12,9,15,9,16
3,3,2,4,4,2,2,3,2,3,3,2,3,4,2,3,3,3,3,3,2,3,6,2,4,12,7,15,8,14
3,3,4,5,5,4,2,3,4,1,4,2,2,1,1,2,4,3,1,4,1,4,6,1,6,18,9,10,7,13
3,3,4,4,4,4,2,2,2,3,3,1,5,1,3,3,3,3,3,3,3,3,6,1,4,16,6,13,9,15
3,3,3,2,2,2,3,3,3,3,3,2,4,4,3,3,3,3,3,3,3,4,6,1,2,9,9,16,9,16
3,3,3,4,4,3,1,3,2,1,5,3,4,5,3,3,3,3,1,2,2,3,6,1,5,14,6,18,9,11
3,3,2,3,2,2,1,1,2,1,4,2,2,1,1,3,2,1,1,2,2,2,5,1,4,9,4,10,6,8
3,3,3,4,4,4,2,2,2,2,4,2,4,4,1,2,2,2,1,2,3,2,6,1,5,15,6,16,5,10
3,2,3,5,4,4,2,2,2,3,2,1,4,1,1,3,2,3,2,2,4,2, ,2,4,16,6,11,6,13
3,3,3,4,3,2,3,3,2,4,2,2,3,1,3,3,4,3,3,2,4,3,7,2,2,12,8,12,10,15
3,3,3,3,3,3,3,3,3,2,2,3,3,3,3,3,3,3,3,4,3,4,6,1,2,12,9,13,9,17
3,3,4,5,5,4,2,2,3,3,2,1,1,4,1,1,3,2,1,3,3,3,6,1,4,18,7,11,5,12
3,3,3,4,3,3,2,3,3,3,3,3,4,2,3,2,4,3,3,3,3,4,4,1,4,13,8,15,9,16
3,3,4,2,4,1,2,2,2,4,4,3,4,3,4,2,3,2,3,2,4,3,3,2,1,11,6,18,9,14
3,3,2,2,3,2,3,3,2,3,3,3,3,3,1,3,2,3,3,2,1,3,6,2,5,9,8,15,6,12
3,3,4,5,4,3,2,2,3,2,4,2,2,4,2,3,3,4,1,3,2,2,7,2,4,16,7,14,8,12
3,3,4,4,4,3,3,2,1,3,2,1,5,1,3,3,3,3,2,3,4,3,4,2,2,15,6,12,9,15
3,3,3,2,3,3,3,3,3,3,3,1,3,3,3,3,3,3,3,3,3,3,7,1,2,11,9,13,9,15
3,3,3,3,5,3,3,3,3,3,3,3,3,3,3,4,4,3,3,4,4,4,3,1,6,14,9,15,11,18
3,3,3,5,5,5,3,3,3,3,3,3,4,2,1,3,3,3,3,3,3,3,2,1,7,18,9,15,7,15
3,3,3,3,3,3,3,3,3,3,3,3,4,3,3,3,3,3,3,3,3,3,3,2,5,12,9,16,9,15
3,2,4,4,4,4,2,2,2,3,4,2,2,4,2,2,2,3,2,4,3,3,7,1,4,16,6,15,6,15
3,3,3,5,4,3,3,2,2,2,3,3,3,3,3,3,4,4,3,4,3,4,4,2,2,15,7,14,10,18
3,3,3,5,4,2,3,3,3,3,2,1,2,2,3,3,4,3,3,3,3,4,5,1,6,14,9,10,10,16
3,3,2,4,4,3,2,2,2,2,1,2,2,3,2,3,3,3,2,3,3,4,7,2,4,13,6,10,8,15
3,3,3,3,3,3,2,3,2,2,2,3,2,2,3,3,3,3,3,3,3,3,4,2,3,12,7,11,9,15
3,3,3,4,2,1,1,3,3,1,3,1,1,4,1,4,3,2,2,3,3,3,4,2,5,10,7,10,8,13
3,3,3,4,4,3,3,3,3,3,3,2,2,3,3,3,3,3,3,3,3,3,7,2,6,14,9,13,9,15
3,3,3,5,5,2,2,3,3,3,3,2,3,4,2,3,3,3,3,3,4,4,4,1,5,15,8,15,8,17
4,4,3,4,4,3,1,1,1,1,1,1,5,2,3,3,4,2,2,2,2,2,6,1,6,14,3,10,10,10
4,4,5,3,3,3,2,2,3,3,4,1,2,1,2,5,4,3,3,5,3,3,6,1,3,14,7,11,11,17
4,4,4,5,5,4,3,4,5,5,3,1,4,1,3,4,4,3,4,4,4,4,6,2,2,18,12,14,11,19
4,4,3,5,4,2,3,3,3,2,3,1,4,1,1,4,3,3,2,4,4,3,7,1,3,14,9,11,8,16
4,4,4,5,5,4,3,3,3,1,1,3,4,3,3,4,4,3,3,4,3,4,5,1,4,18,9,12,11,17
4,4,3,4,3,2,3,3,4,2,3,1,4,3,3,3,4,3,3,4,3,4,6,1,7,12,10,13,10,17
4,5,4,4,4,2,3,3,3,4,2,1,5,1,2,5,4,4,4,3,4,4,6,1,4,14,9,13,11,19
4,5,4,4,5,4,4,5,4,2,1,1,4,1,4,5,5,5,5,5,5,5,3,1,2,17,13,9,14,25
4,5,4,4,3,4,4,4,4,3,3,2,2,1,2,4,3,4,3,3,4,2,6,1,7,15,12,11,9,16
4,4,3,4,4,3,3,3,3,3,1,1,5,3,3,4,4,3,3,3,4,4,5,1,6,14,9,13,11,17
4,4,3,4,4,3,3,3,3,3,3,2,3,2,3,3,3,3,3,4,3,3,5,2,5,14,9,13,9,16
4,4,5,3,2,5,3,3,2,3,2,3,4,3,3,4,3,3,3,3,4,5,5,2,1,15,8,15,10,18
4,4,3,3,3,3,3,3,3,2,2,3,4,4,4,3,3,3,3,3,4,3,6,2,2,12,9,15,10,16
4,4,4,5,5,4,4,5,5,4,4,2,4,5,3,4,4,4,4,4,5,4,6,1,4,18,14,19,11,21
4,4,2,4,4,5,4,4,3,3,4,2,4,2,3,4,4,3,3,4,4,5,4,2,2,15,11,15,11,19
4,4,4,5,4,3,3,3,3,3,4,2,3,3,3,3,3,3,3,3,3,3,5,2,2,16,9,15,9,15
4,4,3,4,4,5,3,3,3,3,4,3,3,3,3,4,4,3,3,3,3,4,6,1,4,16,9,16,11,16
4,4,1,3,4,2,3,3,3,3,3,3,3,4,3,3,4,4,3,4,4,4,7,2,3,10,9,16,10,19
4,4,1,1,2,2,3,4,3,3,3,3,3,5,3,4,3,3,3,4,3,3,6,1,3,6,10,17,10,16
4,4,1,2,2,1,4,4,3,3,3,3,1,4,3,4,4,3,3,5,5,4,6,2,3,6,11,14,11,20
4,4,3,4,4,4,2,3,2,3,2,3,2,3,3,3,3,3,3,3,3,3,7,2,1,15,7,13,9,15
4,4,3,5,4,1,3,3,2,3,3,1,5,5,2,3,3,3,3,3,3,3,4,1,6,13,8,17,8,15
4,4,2,4,5,4,4,3,3,3,3,1,2,3,3,4,4,3,3,4,3,4,6,1,2,15,10,12,11,17
4,4,3,4,3,4,3,3,3,3,3,2,5,4,3,4,3,3,3,4,4,4,5,2,1,14,9,17,10,18
4,4,2,2,2,2,2,3,2,2,1,1,3,1,2,2,4,3,3,3,3,4,6,1,5,8,7,8,8,16
4,4,3,5,5,5,3,3,3,3,3,3,3,4,2,3,4,3,3,4,3,4,6,2,3,18,9,16,9,17
4,4,2,3,2,2,3,3,3,1,5,2,4,5,1,3,4,3,3,4,3,4,6,2,4,9,9,17,8,17
4,4,3,4,4,4,3,3,3,3,3,2,1,4,3,3,3,3,3,4,3,3,7,2,3,15,9,13,9,16
4,4,3,4,3,3,3,4,4,1,3,1,5,5,3,3,4,3,3,4,4,4,7,2,4,13,11,15,10,18
4,4,2,4,4,3,4,3,3,3,3,3,2,4,3,3,4,3,3,3,3,3,6,2,2,13,10,15,10,15
4,4,5,5,5,5,1,3,3,3,1,2,3,4,4,5,3,4,4,4,3,3,7,1,6,20,7,13,12,18
4,5,4,5,5,2,3,4,3,2,3,2,2,2,3,5,5,4,4,5,4,5,6,1,7,16,10,11,13,22
4,4,4,5,4,3,3,3,3,2,2,3,4,4,3,3,4,3,3,3,3,3,4,2,4,16,9,15,10,15
4,4,3,3,3,3,3,4,3,3,3,3,2,4,3,4,4,3,4,3,3,4,5,2,4,12,10,15,11,17
4,4,2,4,2,4,3,3,3,3,3,2,3,1,3,4,5,3,3,4,4,4,7,2,2,12,9,12,12,18
4,4,4,4,4,3,4,4,4,3,4,3,3,3,3,4,4,3,3,3,3,4, ,1,4,15,12,16,11,16
4,5,5,4,4,5,1,3,3,3,2,2,2,1,3,3,4,4,3,4,3,3,6,1,5,18,7,10,10,17
4,4,3,4,4,3,3,3,4,1,3,3,2,4,3,4,3,4,3,3,4,3,5,1,5,14,10,13,10,17
4,4,4,4,3,2,3,5,3,3,2,3,4,3,3,4,4,3,5,4,5,5,6,1,6,13,11,15,11,22
4,4,3,5,4,3,5,5,4,3,3,3,2,3,4,4,4,3,4,4,4,4,6,1,5,15,14,14,12,19
4,4,2,4,4,2,3,4,4,3,1,2,2,2,3,3,4,4,3,3,4,4,6,1,4,12,11,10,10,18
4,4,2,4,4,2,3,3,2,2,4,4,1,2,1,4,3,3,3,5,4,4,5,2,1,12,8,13,8,19
4,4,1,5,5,2,4,3,3,3,2,3,4,2,3,3,4,4,3,3,3,5,6,2,2,13,10,14,10,18
4,4,1,1,1,1,3,3,3,3,3,3,3,5,3,3,3,3,3,3,3,3,4,1,3,4,9,17,9,15
4,5,3,3,3,4,3,2,2,2,4,3,2,2,3,5,3,1,2,2,3,2,6,2,2,13,7,13,11,10
4,4,3,3,3,3,3,3,3,3,3,3,3,3,3,3,3,3,3,3,3,3,5,2,1,12,9,15,9,15
4,4,3,5,5,4,3,4,3,3,4,2,5,2,4,5,4,4,4,4,4,4,5,2,5,17,10,16,13,20
4,4,3,3,3,3,3,4,3,3,3,2,3,3,3,4,3,4,4,3,4,3,5,2,1,12,10,14,10,18
4,4,2,3,2,1,4,2,4,3,1,1,4,1,2,3,4,3,3,3,3,4,6,1,3,8,10,10,9,16
4,4,4,4,5,2,3,2,3,2,2,3,2,4,2,3,2,3,3,3,3,1,5,2,7,15,8,13,7,13
4,4,3,4,4,3,4,3,4,2,3,3,4,2,3,3,4,4,3,4,4,3,6,2,2,14,11,14,10,18
4,5,3,4,4,2,5,5,4,3,3,3,5,1,2,3,5,3,4,4,5,5,6,2,2,13,14,15,10,21
4,4,3,4,2,3,3,3,3,3,3,3,3,3,2,5,4,3,3,4,3,5,6,2,2,12,9,15,11,18
4,4,2,5,5,2,3,3,3,3,2,3,5,3,3,3,4,4,3,4,4,4,5,2,3,14,9,16,10,19
4,4,2,4,4,4,4,3,4,2,3,3,3,3,4,3,4,3,3,4,4,4,7,2,2,14,11,14,11,18
4,4,3,3,3,3,4,3,3,3,3,2,3,3,3,3,4,3,3,3,3,4,6,2,1,12,10,14,10,16
4,4,2,4,4,4,3,4,3,3,2,2,4,2,3,3,4,3,4,4,4,4,5,2,2,14,10,13,10,19
4,4,3,3,3,3,3,3,3,3,3,2,3,2,2,3,4,3,3,3,3,3,7,2,4,12,9,13,9,15
4,4,4,4,4,3,3,3,3,3,3,3,3,3,3,3,3,3,3,3,3,3,7,2,4,15,9,15,9,15
4,4,3,3,3,3,3,3,2,3,2,2,3,3,4,4,4,3,4,4,4,4,4,2,3,12,8,13,12,19
4,4,3,3,3,3,4,4,3,2,3,3,3,3,3,4,4,3,4,4,4,4,4,2,4,12,11,14,11,19
4,4,3,4,4,4,4,5,4,3,5,2,3,3,3,4,4,4,3,5,3,3,5,2,1,15,13,16,11,18
4,4,3,3,3,3,3,3,3,3,4,1,5,3,3,4,4,3,3,4,3,3,3,2,5,12,9,16,11,16
4,4,3,3,3,3,4,3,3,3,5,4,3,3,5,1,3,4,2,4,3,2,3,1,1,12,10,18,9,15
4,4,3,4,3,2,3,3,3,1,2,3,4,4,1,3,3,3,3,4,4,4,2,1,5,12,9,14,7,18
4,4,4,5,5,4,3,3,2,1,2,2,5,1,2,3,3,3,3,3,3,3,6,1,3,18,8,11,8,15
4,5,2,4,4,4,5,3,3,2,3,2,4,4,3,4,4,4,4,4,4,4,6,2,2,14,11,15,11,20
4,4,3,5,5,3,1,3,2,3,2,1,3,3,3,3,4,3,3,3,4,3,3,2,6,16,6,12,10,16
4,4,4,4,4,3,3,3,3,3,3,2,2,4,1,2,5,3,3,4,4,4,4,1,5,15,9,14,8,18
4,4,3,4,4,4,4,4,4,3,3,2,5,2,3,4,4,3,4,5,4,4,6,2,2,15,12,15,11,20
4,4,3,3,3,3,3,2,2,2,2,3,3,4,4,2,3,3,2,3,3,3,7,2,2,12,7,14,9,14
4,4,5,5,5,5,4,4,4,3,5,2,5,1,3,4,5,3,5,4,4,4,4,2,1,20,12,16,12,20
4,4,4,4,4,3,4,3,2,2,1,3,4,2,2,3,3,3,3,4,3,3,5,1,5,15,9,12,8,16
4,4,4,4,4,4,2,3,3,2,2,3,3,4,3,3,3,3,3,4,4,3,7,2,2,16,8,14,9,17
4,4,4,5,4,1,4,4,2,3,2,5,1,3,3,5,4,5,5,4,4,5,4,1,7,14,10,14,12,23
4,4,4,4,4,4,3,5,3,2,4,2,3,2,4,4,4,4,4,4,5,3,7,2,2,16,11,13,12,20
4,4,3,4,4,4,3,3,4,2,3,3,3,4,2,3,3,3,3,4,4,4,7,2,2,15,10,15,8,18
4,4,3,5,5,3,2,3,3,2,3,3,2,3,3,4,4,3,3,3,2,4,5,2,4,16,8,13,11,15
4,4,5,5,4,4,3,5,4,2,4,3,4,3,4,4,3,3,2,4,3,4,3,1,5,18,12,16,11,16
4,4,2,5,1,2,4,4,3,3,4,5,4,1,4,2,4,4,4,4,4,4,2,2,6,10,11,17,10,20
4,4,4,4,5,4,3,4,3,5,2,4,1,3,4,4,3,4,3,3,2,3,6,2,4,17,10,15,11,15
4,4,4,4,3,4,3,3,3,2,3,3,2,4,3,3,3,3,3,4,3,3,7,2,3,15,9,14,9,16
4,4,3,3,3,3,3,3,3,3,3,3,3,4,3,3,4,3,3,3,3,3,3,2,5,12,9,16,10,15
4,4,3,5,4,4,3,3,2,3,2,3,4,2,3,3,4,3,3,3,3,4,6,2,6,16,8,14,10,16
4,4,4,5,5,4,3,3,3,2,1,1,4,2,2,3,5,3,3,3,3,4,4,1,6,18,9,10,10,16
4,4,3,3,3,3,4,4,4,3,2,3,4,3,3,4,4,3,4,4,4,3,5,2,1,12,12,15,11,18
4,4,3,5,5,4,3,3,3,3,3,3,4,4,3,3,4,3,3,4,3,4,6,2,4,17,9,17,10,17
4,4,4,5,5,5,3,4,4,4,3,2,4,2,3,4,4,5,4,4,4,4,4,1,2,19,11,15,11,21
4,5,3,3,3,3,3,3,2,3,3,3,5,3,3,3,3,3,3,4,3,3,2,1,5,12,8,17,9,16
4,4,3,3,3,3,3,4,4,3,3,3,3,3,4,4,3,4,2,3,3,4,6,1,1,12,11,15,11,16
4,4,5,5,3,3,1,3,3,1,1,1,1,5,3,5,4,3,3,3,3,4,4,1,5,16,7,9,12,16
4,5,3,4,4,4,4,4,4,3,2,2,3,3,4,4,5,4,4,5,4,4,4,1,4,15,12,13,13,21
4,4,4,4,5,4,2,3,3,4,4,4,4,3,3,4,3,3,2,4,3,3,4,1,4,17,8,19,10,15
4,4,3,3,3,3,3,3,3,3,3,3,3,3,4,3,4,3,3,4,3,3,4,2,2,12,9,15,11,16
4,4,3,4,5,3,3,4,3,3,2,3,4,4,3,3,4,3,3,3,3,2,3,1,5,15,10,16,10,14
4,4,3,3,3,3,3,3,3,3,3,1,2,3,2,4,5,3,3,5,3,4,2,1,6,12,9,12,11,18
4,5,3,5,5,5,3,3,4,5,1,1,2,1,5,5,4,3,5,5,5,5,6,1,5,18,10,10,14,23
4,4,3,4,4,4,4,3,2,2,2,1,3,2,2,4,3,3,3,3,4,3,4,2,7,15,9,10,9,16
4,4,3,3,3,3,3,3,3,3,3,3,3,3,3,3,3,3,3,3,3,3,7,2,2,12,9,15,9,15
4,4,3,4,4,3,5,5,5,4,5,1,4,5,5,5,5,5,5,5,5,5,7,2,4,14,15,19,15,25
4,4,4,5,4,3,5,4,4,3,3,4,4,4,3,3,3,3,3,3,3,5,6,1,5,16,13,18,9,17
4,4,2,3,3,2,3,3,3,3,3,3,3,3,3,3,3,3,3,4,3,3,5,2,2,10,9,15,9,16
4,4,2,3,3,2,4,3,2,2,2,2,3,4,3,4,4,4,4,4,4,3,6,2,5,10,9,13,11,19
4,4,4,4,4,3,4,4,4,3,3,2,4,4,4,4,5,4,3,4,4,4,6,2,4,15,12,16,13,19
4,4,4,2,3,2,3,4,3,3,3,3,2,3,3,4,4,4,4,4,3,4, ,2,5,11,10,14,11,19
4,4,3,3,4,3,4,4,4,3,3,2,3,3,4,4,4,3,4,4,4,4,4,1,3,13,12,14,12,19
4,4,3,4,4,4,4,4,3,3,3,2,3,3,2,3,4,3,4,4,4,4,3,1,5,15,11,14,9,19
4,4,4,3,2,2,3,3,3,2,3,3,5,2,2,3,4,2,4,4,4,4,2,2,4,11,9,15,9,18
4,4,3,4,3,3,4,4,2,3,1,5,4,5,1,3,4,3,3,4,4,4,4,2,5,13,10,18,8,18
4,4,3,4,4,3,4,4,4,3,4,3,3,3,4,4,4,4,3,4,3,4,6,1,4,14,12,16,12,18
4,4,2,5,4,2,4,3,4,2,3,3,4,3,3,4,4,3,4,5,4,5,4,2,5,13,11,15,11,21
4,4,3,3,3,3,3,3,3,3,3,3,3,3,3,3,3,3,3,3,3,3,4,2,4,12,9,15,9,15
4,5,2,5,4,3,5,5,4,3,3,2,4,4,2,4,4,4,5,5,4,4,5,1,2,14,14,16,10,22
4,4,5,5,4,4,4,3,3,1,3,3,5,1,1,3,3,3,4,4,4,3,6,1,3,18,10,13,7,18
4,4,3,4,4,3,3,3,3,3,3,3,4,2,3,3,3,3,3,3,3,3,4,2,2,14,9,15,9,15
4,4,2,4,2,3,5,4,5,3,1,2,2,2,4,5,5,4,4,5,5,5,6,1,6,11,14,10,14,23
4,4,3,3,3,3,3,3,3,3,3,4,5,3,5,3,3,3,3,4,2,3, ,1,7,12,9,18,11,15
4,4,3,4,4,2,2,3,3,3,3,2,2,2,3,4,4,3,4,4,4,4,7,1,3,13,8,12,11,19
4,4,3,3,3,3,3,4,3,3,2,3,4,3,3,4,4,3,4,4,4,4,5,1,5,12,10,15,11,19
4,4,3,3,3,3,3,3,3,3,3,3,3,3,3,4,3,3,3,3,3,3,4,1,3,12,9,15,10,15
4,4,3,4,4,3,3,4,3,3,4,2,3,2,3,4,4,3,4,4,3,4,6,1,2,14,10,14,11,18
4,4,4,5,5,4,3,3,3,2,4,3,4,3,1,1,3,4,1,3,3,3,4,1,5,18,9,16,5,14
4,4,3,3,3,3,2,3,2,1,2,2,3,2,1,4,3,4,1,3,3,4,6,2,3,12,7,10,8,15
4,4,4,4,3,3,5,4,4,4,4,3,5,5,5,4,4,4,5,4,4,4,4,2,4,14,13,21,13,21
4,4,3,5,5,4,3,3,4,1,2,4,3,1,3,4,4,3,3,4,5,4,7,2,2,17,10,11,11,19
4,4,5,5,5,5,3,3,3,4,1,2,4,2,3,3,5,3,5,3,3,5,5,1,6,20,9,13,11,19
5,3,4,4,5,3,3,3,1,1,3,3,1,4,3,3,4,3,3,3,3,3,5,2,5,16,7,12,10,15
5,3,3,5,5,3,1,2,3,1,3,2,5,1,1,3,4,2,3,4,3,4,6,1,6,16,6,12,8,16
5,3,3,5,4,3,3,5,3,3,3,3,3,3,3,4,5,3,3,5,3,5,4,2,4,15,11,15,12,19
5,3,3,3,3,3,3,3,3,3,3,3,3,3,3,3,3,3,3,3,3,3,4,1,3,12,9,15,9,15
6,4,3,3,3,3,3,3,3,2,1,4,3,4,3,3,3,3,3,4,3,2,4,1,4,12,9,14,9,15
6,5,4,5,5,3,2,5,4,3,1,2,4,1,4,3,5,3,4,4,5,4,7,1,6,17,11,11,12,20
6,5,3,5,5,4,3,3,4,5,5,3,1,3,4,3,4,4,3,4,5,3, ,2,2,17,10,17,11,19
6,4,3,3,3,3,4,4,3,3,3,3,2,3,4,4,4,4,4,5,4,4,2,2,6,12,11,14,12,21
6,4,1,5,5,1,3,2,3,3,3,3,1,3,1,1,2,4,1,4,3,3, ,2,5,12,8,13,4,15
6,5,3,4,3,3,4,5,4,3,3,4,3,3,3,3,5,3,4,3,3,3,5,2,1,13,13,16,11,16
6,4,3,3,3,3,5,4,4,1,4,1,3,4,3,4,4,3,4,4,4,5,7,1,2,12,13,13,11,20
6,4,4,4,4,3,3,2,2,1,4,2,2,4,1,2,2,3,2,2,2,3,4,1,4,15,7,13,5,12
6,5,3,4,5,2,4,4,4,3,3,3,4,3,3,5,4,3,4,4,4,5,6,1,3,14,12,16,12,20
6,4,2,4,3,3,2,3,4,3,2,2,2,3,2,4,4,3,3,5,4,5,6,2,2,12,9,12,10,20
6,5,2,4,4,4,4,4,4,3,3,3,4,3,3,4,4,4,4,4,4,4,4,1,2,14,12,16,11,20
6,4,4,5,5,3,3,4,1,1,2,1,5,4,3,4,4,3,3,4,5,4,7,2,2,17,8,13,11,19
6,4,2,3,3,3,4,4,3,2,3,3,2,5,3,4,4,3,3,4,3,4,7,1,4,11,11,15,11,17
6,4,3,3,3,3,4,3,3,2,3,3,5,3,3,3,4,3,4,3,4,4,6,1,7,12,10,16,10,18
6,5,5,3,4,4,4,5,3,4,3,2,3,1,3,5,5,3,3,5,5,5,4,2,4,16,12,13,13,21
6,4,3,4,4,4,4,5,4,3,3,2,3,4,3,5,5,5,4,5,5,5,5,1,5,15,13,15,13,24
6,5,3,4,3,3,4,4,3,4,4,3,4,4,4,4,4,4,4,4,4,4,6,1,3,13,11,19,12,20
6,4,3,4,3,4,3,4,3,3,3,2,2,3,1,2,3,3,2,4,3,3,4,2,4,14,10,13,6,15
6,4,4,2,2,1,5,5,3,3,3,2,1,4,3,3,4,3,3,3,3,4,6,1,5,9,13,13,10,16
6,4,5,3,4,4,4,3,4,4,3,3,2,3,3,3,4,4,3,3,3,4,6,1,2,16,11,15,10,17
6,4,3,3,2,2,4,4,3,3,3,3,3,4,3,4,4,3,3,4,3,4,6,2,5,10,11,16,11,17
6,4,3,4,5,4,4,4,4,3,2,3,4,1,4,5,5,4,4,5,5,5,6,1,2,16,12,13,14,23
6,4,3,3,4,3,3,4,3,3,3,2,3,5,3,3,4,3,3,3,2,4,7,1,4,13,10,16,10,15
6,4,2,4,4,2,4,3,3,2,2,3,3,4,3,4,3,3,3,4,4,3,6,2,4,12,10,14,10,17
6,4,2,3,2,4,3,4,3,3,3,3,1,2,3,4,5,4,4,4,5,4,4,2,5,11,10,12,12,21
6,4,3,4,4,3,3,4,4,3,3,3,2,2,3,5,4,5,5,4,5,4,7,2,2,14,11,13,12,23
6,4,4,3,3,3,3,2,4,3,2,4,2,1,3,2,2,3,3,2,4,2,6,2,2,13,9,12,7,14
6,4,2,3,3,2,5,4,4,5,3,3,4,5,3,3,4,3,3,4,4,4,6,2,2,10,13,20,10,18
6,4,3,5,5,3,2,3,3,2,2,3,5,1,3,3,4,3,4,4,4,4,4,2,3,16,8,13,10,19
6,5,5,3,4,2,5,4,5,4,3,4,3,4,2,4,4,4,4,5,5,4,7,2,2,14,14,18,10,22
6,5,2,2,2,1,5,5,5,3,3,3,2,3,4,3,5,3,5,4,5,5,4,2,5,7,15,14,12,22
6,4,3,3,3,3,3,3,3,3,3,3,3,3,3,3,3,3,3,3,3,3,5,2,4,12,9,15,9,15
6,5,1,4,3,3,4,5,3,3,3,3,1,1,4,3,4,4,5,4,3,4,4,2,2,11,12,11,11,20
6,5,4,5,5,2,3,3,4,2,5,4,4,5,3,4,4,3,2,4,2,4,6,2,4,16,10,20,11,15
6,4,3,3,3,3,4,4,4,3,3,3,4,1,4,4,4,4,4,4,4,4,6,2,2,12,12,14,12,20
6,4,3,3,3,3,5,4,4,4,4,3,4,4,4,4,4,4,4,4,4,4,6,2,4,12,13,19,12,20
6,5,3,3,3,3,3,3,3,3,3,3,3,3,2,4,3,3,3,3,3,3,3,1,4,12,9,15,9,15
6,4,3,5,5,3,3,4,3,3,4,3,2,3,3,3,3,3,3,4,4,3,3,1,4,16,10,15,9,17
6,5,5,5,5,3,3,3,3,3,3,1,3,3,3,5,5,3,2,4,3,5,4,1,4,18,9,13,13,17
6,4,3,3,3,3,4,4,3,3,3,3,3,3,3,4,4,3,4,4,4,4,2,2,6,12,11,15,11,19
6,4,3,3,3,3,4,3,3,3,3,3,5,5,3,5,3,3,3,3,3,5,2,2,2,12,10,19,11,17
6,4,2,3,3,2,3,3,3,3,3,3,2,4,3,4,3,3,3,3,3,3,1,2,4,10,9,15,10,15
6,4,3,3,3,3,3,4,3,3,3,3,3,3,3,4,4,4,3,4,4,4,5,2,4,12,10,15,11,19
6,5,5,5,5,4,2,4,4,2,3,1,5,3,3,4,4,4,4,4,4,5,6,1,4,19,10,14,11,21
6,4,3,4,4,1,4,3,3,3,3,2,2,4,3,3,3,3,3,4,3,3,4,2,2,12,10,14,9,16
6,4,3,3,3,3,3,3,3,2,2,3,2,4,3,5,3,3,1,3,4,2,3,2,4,12,9,13,11,13
6,4,3,3,3,3,3,4,3,2,4,4,2,4,4,4,4,4,4,4,4,4,4,2,4,12,10,16,12,20
6,4,3,5,5,3,1,1,1,1,1,1,1,1,1,1,3,1,1,1,1,1,6,1,6,16,3,5,5,5
6,5,3,3,3,3,3,4,2,2,1,3,5,5,1,3,4,3,4,4,5,4,5,2,5,12,9,16,8,20
6,4,2,2,2,2,3,3,3,3,3,3,3,5,3,3,4,3,3,4,4,3,5,1,4,8,9,17,10,17
6,4,4,3,4,4,4,4,4,3,3,3,3,3,4,4,4,3,3,4,4,4,6,1,5,15,12,15,12,18
6,4,4,4,4,3,4,5,4,3,3,1,2,5,3,5,4,3,3,5,3,5,6,2,3,15,13,14,12,19
6,4,4,2,3,2,4,3,3,2,3,2,3,4,2,4,4,4,4,4,4,4,4,1,2,11,10,14,10,20
6,5,3,3,3,3,3,4,3,3,3,3,1,3,3,3,3,3,3,3,3,3,4,2,4,12,10,13,9,15
6,4,4,4,4,4,4,4,3,2,2,3,4,2,3,4,4,3,4,4,4,4,3,1,7,16,11,13,11,19
6,4,3,3,3,3,5,5,4,3,4,1,3,3,5,5,5,5,5,5,5,5,3,2,4,12,14,14,15,25
6,4,4,2,4,3,4,2,3,5,4,4,3,3,2,2,4,2,3,4,3,2,3,1,4,13,9,19,8,14
6,5,3,3,3,3,5,5,3,3,3,2,3,3,3,5,5,5,5,5,5,5,4,2,6,12,13,14,13,25
6,4,3,3,3,3,3,2,2,2,2,5,1,2,4,3,5,3,2,2,2,2,4,2,2,12,7,12,12,11
6,4,4,5,5,3,4,5,3,4,3,1,3,4,3,4,3,4,3,3,5,3,5,2,6,17,12,15,10,18
6,4,3,3,3,3,5,5,3,3,3,3,5,5,5,5,5,3,5,5,5,5,6,2,5,12,13,19,15,23
6,4,5,5,5,3,3,4,3,3,2,2,3,1,2,4,4,3,3,4,4,4,6,1,5,18,10,11,10,18
6,4,2,3,3,2,3,3,3,3,3,3,2,4,3,4,4,3,3,4,4,3,5,2,3,10,9,15,11,17
6,5,5,5,5,5,5,5,5,3,3,2,4,1,4,5,5,5,4,5,4,5,7,2,2,20,15,13,14,23
6,4,3,3,3,3,5,4,4,2,3,4,1,4,5,5,4,4,4,4,4,4,4,1,2,12,13,14,14,20
6,4,3,4,4,4,5,5,4,4,3,4,3,2,5,4,4,4,4,4,5,4,6,2,3,15,14,16,13,21
6,5,3,5,4,3,5,5,5,1,4,2,4,3,3,5,5,4,5,5,5,5,5,2,4,15,15,14,13,24
6,5,2,4,3,2,4,3,3,5,3,1,3,2,3,5,5,5,5,5,5,5,6,2,4,11,10,14,13,25
6,4,4,4,4,2,3,3,3,1,2,2,4,4,2,3,3,3,3,3,4,3,7,1,2,14,9,13,8,16
6,4,3,3,3,3,3,3,3,3,3,3,3,4,3,4,4,3,3,4,3,3,6,2,2,12,9,16,11,16
6,5,2,3,2,2,4,4,4,2,3,3,3,4,3,4,2,3,3,4,4,4,6,1,6,9,12,15,9,18
6,4,2,3,3,3,4,3,3,3,2,3,4,4,2,4,4,3,2,4,4,4,7,2,5,11,10,16,10,17
6,4,3,5,5,3,4,4,3,2,3,3,5,1,3,4,4,4,4,3,4,3,3,2,2,16,11,14,11,18
6,5,3,4,4,3,4,4,4,3,5,2,4,3,3,5,5,4,5,4,4,5,7,1,4,14,12,17,13,22
6,4,2,2,2,2,3,4,3,2,3,2,2,5,2,4,4,3,3,3,3,4,6,1,4,8,10,14,10,16
6,5,3,5,5,4,5,4,3,3,3,3,4,1,2,5,4,3,5,4,5,4,6,1,6,17,12,14,11,21
6,5,3,3,3,3,4,4,4,3,3,3,4,3,3,3,4,3,3,4,4,4,4,2,3,12,12,16,10,18
6,4,3,4,4,4,3,3,4,3,4,3,3,3,4,4,4,4,3,3,3,4,2,2,3,15,10,16,12,17
6,4,5,4,5,4,4,4,3,3,4,3,2,4,2,5,5,3,5,4,4,4,5,2,5,18,11,16,12,20
6,4,3,3,2,2,5,5,3,3,3,3,2,4,2,3,4,4,5,5,5,4,3,2,5,10,13,15,9,23
6,5,5,3,3,3,5,5,5,3,3,2,3,4,3,4,5,5,5,5,5,5,6,1,5,14,15,15,12,25
6,4,4,4,4,3,3,4,3,4,2,2,2,2,2,3,4,4,3,4,4,4,4,1,4,15,10,12,9,19
6,5,3,5,5,3,5,4,3,3,3,2,5,4,4,3,5,4,4,5,5,5,6,2,6,16,12,17,12,23
6,4,3,3,3,3,5,5,3,3,3,2,3,3,4,4,5,5,5,5,4,4,5,1,4,12,13,14,13,23
6,5,4,4,4,4,5,4,4,3,4,2,2,3,3,4,4,4,4,4,5,4,4,1,6,16,13,14,11,21
6,5,5,5,5,3,4,5,5,3,5,4,5,1,3,5,5,5,5,5,5,5,6,2,2,18,14,18,13,25
6,5,4,4,4,3,5,5,3,5,1,3,5,2,5,5,5,5,5,5,5,5,5,2,4,15,13,16,15,25
6,5,4,3,5,3,3,4,4,3,1,1,3,1,3,3,5,4,3,4,3,5,4,1,5,15,11,9,11,19
7,5,3,3,3,2,5,5,4,4,1,3,4,1,4,4,5,3,4,5,5,5,5,1,2,11,14,13,13,22
7,5,4,4,4,4,5,5,5,5,5,4,5,2,4,5,5,5,5,5,5,5,3,1,5,16,15,21,14,25
7,4,3,2,4,3,3,3,3,3,3,3,3,3,3,3,3,3,3,3,3,3,6,1,3,12,9,15,9,15
7,5,4,4,3,3,5,5,5,3,3,3,4,2,4,5,5,5,5,5,5,5,4,1,4,14,15,15,14,25
7,5,3,3,4,3,5,5,5,3,5,3,4,5,5,5,5,4,5,3,3,5, ,2,3,13,15,20,15,20
7,5,3,4,4,4,1,5,5,3,3,2,2,4,2,5,3,5,5,5,5,5,3,2,6,15,11,14,10,25
7,5,4,5,5,4,5,5,5,5,3,3,1,2,4,5,5,5,5,5,5,5,2,1,6,18,15,14,14,25
7,4,3,4,4,4,4,3,3,3,3,3,2,4,3,3,4,4,3,4,4,3,4,2,2,15,10,15,10,18
7,5,4,3,4,3,5,4,4,3,3,3,3,3,3,5,5,4,4,4,5,5,6,2,3,14,13,15,13,22
7,5,4,3,3,3,5,5,5,3,3,3,4,2,3,4,4,5,5,5,5,5,4,2,7,13,15,15,11,25
7,5,4,3,3,2,4,5,5,5,4,3,4,3,3,5,5,5,5,5,5,5,6,2,6,12,14,19,13,25
7,5,5,4,3,3,4,4,4,3,3,2,4,4,3,5,5,4,5,4,4,4,2,2,7,15,12,16,13,21
7,4,5,4,5,3,4,5,4,3,5,3,4,2,3,4,5,3,3,5,4,4,6,2,4,17,13,17,12,19
7,4,2,2,2,3,4,4,5,3,3,3,2,3,3,4,5,4,4,5,4,5,3,2,5,9,13,14,12,22
7,5,3,3,3,3,3,3,3,3,3,3,3,3,3,3,3,3,3,3,3,3,1,1,3,12,9,15,9,15
7,4,2,1,3,2,4,4,4,3,3,2,3,3,3,5,4,4,3,4,4,4,6,2,2,8,12,14,12,19
7,5,4,4,5,3,4,5,5,3,4,2,4,5,4,4,4,5,4,4,4,4,7,1,2,16,14,18,12,21
7,5,3,4,3,3,5,5,5,5,5,1,3,5,5,5,5,4,5,5,5,5,4,2,2,13,15,19,15,24
7,5,3,3,3,3,4,4,5,3,1,3,2,5,3,5,5,4,5,5,5,4,3,2,4,12,13,14,13,23
7,5,3,3,3,3,4,4,4,4,3,3,2,4,3,4,4,4,4,4,4,4,6,2,2,12,12,16,11,20
7,5,4,5,5,4,5,4,4,3,2,2,4,1,4,5,5,5,4,4,4,5,7,1,7,18,13,12,14,22
7,4,3,4,3,3,4,4,4,3,4,3,3,3,2,4,4,3,5,4,4,4,4,1,1,13,12,16,10,20
7,4,5,5,4,4,4,4,5,4,3,2,4,4,4,5,5,5,5,5,4,5,2,1,3,18,13,17,14,24
7,4,2,4,4,3,4,4,4,5,4,5,3,3,4,4,4,4,4,4,4,4,3,1,4,13,12,20,12,20
7,4,3,4,4,3,4,4,4,3,3,3,3,3,4,4,4,4,4,4,4,4,3,2,3,14,12,15,12,20
7,5,3,3,5,3,5,5,5,3,3,2,3,4,4,5,5,3,5,4,5,5,3,2,5,14,15,15,14,22
7,4,4,2,3,5,3,3,5,3,5,3,4,1,1,3,3,3,3,5,5,5,6,1,4,14,11,16,7,21
7,5,4,4,4,2,5,5,4,4,3,2,2,2,5,5,5,5,5,5,5,5,6,1,5,14,14,13,15,25
7,4,3,3,3,3,4,4,4,3,2,3,2,2,4,4,4,4,4,4,3,5,4,1,5,12,12,12,12,20
7,5,4,3,3,3,4,4,4,2,3,3,4,4,2,4,5,4,4,5,4,5,4,1,5,13,12,16,11,22
7,4,3,3,3,3,3,4,4,3,2,2,2,2,3,4,4,3,3,4,3,4,6,1,4,12,11,11,11,17
7,5,4,4,5,5,5,5,5,4,3,4,2,3,5,5,5,5,5,5,5,5,3,1,5,18,15,16,15,25
7,4,3,4,4,4,4,4,4,3,2,3,3,4,3,3,4,4,3,4,4,4,6,2,3,15,12,15,10,19
7,5,5,3,3,4,5,4,4,3,1,5,2,1,3,4,5,5,4,5,5,2,2,2,5,15,13,12,12,21
7,5,3,5,5,5,5,5,4,3,3,3,2,1,4,5,5,5,5,5,5,5,6,2,4,18,14,12,14,25
7,5,3,3,3,3,3,4,4,2,3,3,3,1,2,5,5,5,4,4,4,5,5,2,5,12,11,12,12,22
7,5,3,4,1,3,4,5,4,3,3,3,2,1,4,5,5,3,5,4,5,5,4,1,4,11,13,12,14,22
7,5,3,3,3,3,4,4,4,3,3,3,3,4,4,3,4,4,4,4,4,4,6,1,5,12,12,16,11,20
7,5,2,3,3,3,5,5,5,2,3,4,1,4,4,5,5,4,5,5,5,5, ,1,4,11,15,14,14,24
7,4,3,3,3,3,4,3,4,2,2,2,4,3,3,4,4,4,3,2,4,4,4,1,4,12,11,13,11,17
7,5,3,3,3,3,5,4,5,2,1,2,4,2,4,4,4,3,4,5,4,4,4,2,2,12,14,11,12,20
7,5,3,3,3,3,5,5,3,5,5,3,5,3,5,4,5,5,5,5,3,5,6,2,2,12,13,21,14,23
7,4,3,3,3,3,4,4,4,4,4,3,4,4,3,4,3,3,4,4,4,3,5,2,2,12,12,19,10,18
7,5,4,5,4,4,4,5,5,3,3,3,1,2,4,5,5,5,5,5,5,5,4,1,5,17,14,12,14,25
7,5,5,5,5,4,5,5,5,4,4,4,3,3,5,5,5,5,5,5,5,5,4,2,3,19,15,18,15,25
7,5,3,4,3,3,5,5,5,3,3,3,2,1,3,5,5,5,5,4,4,4,3,2,6,13,15,12,13,22
7,5,3,3,4,4,5,5,5,3,3,4,2,5,4,5,5,4,4,4,5,5,4,2,4,14,15,17,14,22
7,5,3,5,5,5,5,5,5,3,2,3,4,1,5,5,5,5,5,5,5,5,6,1,3,18,15,13,15,25
7,5,5,1,5,1,5,5,5,3,3,3,1,5,3,3,4,3,3,5,5,3,6,2,3,12,15,15,10,19
7,5,3,4,3,3,4,4,4,3,2,3,3,3,4,4,4,4,4,4,4,4,4,2,3,13,12,14,12,20
7,4,4,4,4,4,5,5,4,4,2,3,5,4,4,4,4,5,5,5,4,4,4,2,6,16,14,18,12,23
7,4,2,3,3,3,3,3,4,2,1,3,2,3,3,4,4,3,3,4,4,3,4,1,1,11,10,11,11,17
7,4,3,3,3,3,3,3,3,3,3,3,3,3,3,3,3,3,3,3,3,3,3,2,2,12,9,15,9,15
7,5,4,4,4,5,5,5,5,3,4,4,3,5,4,5,5,5,5,5,5,5,6,2,7,17,15,19,14,25
7,4,3,3,3,3,5,5,5,1,3,3,4,1,3,5,5,4,5,5,5,5,4,2,4,12,15,12,13,24
7,5,4,3,5,2,5,5,4,3,3,3,5,2,5,4,5,4,4,4,5,5,7,2,4,14,14,16,14,22
7,5,4,5,5,4,5,5,5,2,3,3,3,2,4,5,5,5,5,5,5,5,6,2,3,18,15,13,14,25
1,2,4,4,5,3,1,2,1,1,3,1,1,1,1,1,2,2,1,1,2,2,7,2,2,16,4,7,4,8
1,3,3,4,4,3,2,3,3,1,1,1,4,2,2,3,3,3,3,3,3,3,4,1,5,14,8,9,8,15
1,3,5,5,5,5,1,1,1,1,1,1,5,1,1,2,2,2,1,2,1,2,4,1,4,20,3,9,5,8
3,3,3,4,5,2,3,3,3,3,3,3,2,3,3,3,3,3,3,3,3,3,7,1,2,14,9,14,9,15
3,3,4,1,1,4,1,1,1,1,1,1,2,1,1,3,2,1,2,2,3,2,7,1,2,10,3,6,6,10
3,2,2,5,5,4,1,2,1,3,3,1,4,3,1,1,2,4,1,2,2,2,6,1,7,16,4,14,4,11
3,2,3,4,5,3,2,3,3,1,1,1,3,1,2,3,3,3,2,3,4,3,4,1,5,15,8,7,8,15
3,2,4,5,4,4,1,2,3,1,1,2,3,1,1,3,3,3,2,3,2,3,6,1,6,17,6,8,7,13
3,3,2,5,5,4,1,3,1,3,5,1,4,4,3,3,3,3,3,3,3,3,7,2,6,16,5,17,9,15
3,3,1,4,4,2,2,3,2,3,3,2,5,2,3,3,3,3,3,4,3,4,5,1,1,11,7,15,9,17
3,2,3,4,4,2,2,4,2,2,3,1,4,3,1,4,3,3,3,1,4,3,4,2,4,13,8,13,8,14
3,3,1,2,2,1,3,3,3,3,3,3,3,3,3,3,3,3,3,3,3,3,7,1,4,6,9,15,9,15
3,3,4,5,5,1,3,3,3,1,2,1,5,1,3,3,3,3,3,4,3,3,4,1,4,15,9,10,9,16
3,3,2,4,4,4,3,2,1,3,2,5,1,1,4,4,4,4,4,3,3,3, ,1,3,14,6,12,12,17
3,3,2,2,2,2,3,3,3,1,3,3,3,3,3,3,1,3,3,4,5,3,6,2,4,8,9,13,7,18
3,3,1,2,2,2,2,2,2,3,3,2,3,1,3,3,3,3,3,4,3,4,4,1,2,7,6,12,9,17
3,3,2,5,2,2,4,4,3,2,2,2,4,2,3,3,3,3,1,4,3,4,3,1,5,11,11,12,9,15
3,3,3,4,2,2,2,3,3,3,3,3,4,4,3,3,3,3,2,3,3,3,3,2,5,11,8,17,9,14
3,3,2,3,3,3,3,3,3,3,3,3,3,3,3,3,3,3,3,3,3,3,3,2,6,11,9,15,9,15
4,4,2,4,5,2,3,3,3,3,3,1,5,2,1,4,4,3,3,4,4,4,6,1,2,13,9,14,9,18
4,4,3,2,3,2,3,3,3,1,1,3,1,3,4,4,4,4,4,4,3,4,5,1,4,10,9,9,12,19
4,4,1,4,4,4,3,3,3,3,3,3,3,1,3,3,3,3,3,3,3,3,5,2,2,13,9,13,9,15
4,4,3,4,4,3,2,2,3,2,4,1,5,1,2,1,2,1,1,3,1,3,6,1,4,14,7,13,5,9
4,4,3,5,5,4,3,3,3,2,4,3,1,4,2,4,4,3,3,3,3,4,7,1,5,17,9,14,10,16
4,5,4,1,1,2,3,3,3,3,2,2,2,5,2,4,4,3,2,4,4,4,7,1,2,8,9,14,10,17
4,4,2,4,4,4,3,3,2,3,1,1,1,1,3,4,4,3,3,3,4,5,4,1,4,14,8,7,11,18
4,4,3,4,3,2,3,3,4,1,3,1,4,2,2,3,4,3,4,4,3,4,4,1,5,12,10,11,9,18
4,4,4,5,4,2,4,5,4,1,1,2,2,1,4,5,4,5,5,5,4,4,6,2,4,15,13,7,13,23
4,4,2,4,2,1,3,3,3,3,3,3,5,3,1,3,3,3,3,3,3,3,4,1,4,9,9,17,7,15
4,5,1,4,4,2,3,4,4,1,1,3,5,2,2,5,4,2,3,5,4,4,6,1,3,11,11,12,11,18
4,4,2,5,2,4,3,4,2,4,3,2,4,3,3,3,2,4,3,3,2,4,6,1,2,13,9,16,8,16
4,5,1,4,2,2,3,3,2,2,1,2,4,4,2,4,3,2,2,2,2,5,4,2,4,9,8,13,9,13
4,4,3,5,4,3,3,4,4,1,1,2,5,1,3,4,5,3,5,5,5,4,4,2,3,15,11,10,12,22
4,4,3,3,3,3,2,3,3,1,3,3,5,2,3,4,3,3,3,3,2,3,4,1,2,12,8,14,10,14
4,4,2,3,3,2,3,3,3,3,3,3,2,1,3,4,3,3,3,4,3,4,4,1,4,10,9,12,10,17
4,4,2,3,3,3,4,4,5,3,3,4,4,4,4,4,4,3,3,4,4,5,3,2,4,11,13,18,12,19
4,4,4,4,5,4,4,4,4,5,3,4,4,3,4,4,4,4,4,4,5,4,7,1,2,17,12,19,12,21
4,4,5,5,5,4,5,3,3,2,2,2,5,3,1,4,4,2,3,3,3,2,6,1,7,19,11,14,9,13
4,4,3,4,5,4,1,3,3,1,1,1,4,2,1,3,2,3,2,3,3,1,4,1,4,16,7,9,6,12
4,4,4,3,3,3,4,4,3,3,3,3,4,3,3,4,3,3,4,4,4,4,5,2,1,13,11,16,10,19
4,4,4,4,5,2,4,4,3,2,3,3,3,2,3,4,4,3,4,4,4,5,5,1,5,15,11,13,11,20
4,4,4,4,4,4,3,4,3,2,1,2,4,1,3,3,4,3,3,3,4,4,4,2,5,16,10,10,10,17
4,4,1,3,2,2,4,3,3,3,3,3,2,4,2,4,3,3,3,4,3,4,7,2,2,8,10,15,9,17
4,4,2,1,5,4,3,1,3,3,4,2,2,2,1,3,2,3,3,2,2,2,4,1,1,12,7,13,6,12
4,4,2,2,2,3,5,5,3,3,3,3,3,3,3,5,5,3,5,5,5,5,4,2,4,9,13,15,13,23
4,5,2,3,4,3,3,3,4,3,3,2,3,2,3,4,5,3,4,3,4,4,7,1,5,12,10,13,12,18
4,4,2,4,4,4,2,4,3,3,4,1,3,5,3,4,4,3,5,5,5,5,6,1,4,14,9,16,11,23
4,4,3,3,3,3,3,3,4,1,3,1,1,1,2,4,4,3,4,4,4,4,5,1,5,12,10,7,10,19
4,4,3,3,4,3,4,4,1,3,3,2,1,4,2,4,4,4,4,5,3,5,7,2,4,13,9,13,10,21
4,4,4,5,5,3,4,4,3,1,3,4,5,1,1,4,4,3,5,4,5,4,7,1,4,17,11,14,9,21
4,4,5,4,4,4,3,3,4,3,3,3,2,3,4,4,4,3,4,4,4,5,6,1,6,17,10,14,12,20
4,5,3,4,4,2,5,4,3,3,2,3,3,3,3,5,5,3,4,4,4,4,6,1,5,13,12,14,13,19
4,4,2,3,4,3,5,4,4,3,5,3,4,4,3,4,5,4,5,4,4,5,6,1,4,12,13,19,12,22
4,4,2,2,2,3,4,4,3,4,4,2,3,5,2,4,4,4,5,5,5,4,6,2,2,9,11,18,10,23
4,4,1,4,1,1,4,4,3,3,3,3,2,5,4,4,4,4,4,4,4,5,6,2,2,7,11,16,12,21
4,4,1,5,5,2,3,4,3,3,3,3,4,2,3,4,4,4,4,4,4,4,6,2,3,13,10,15,11,20
4,4,3,4,4,2,3,3,3,3,3,3,3,3,3,3,3,3,3,3,3,3,7,2,4,13,9,15,9,15
4,4,4,5,5,4,3,4,4,3,3,2,3,1,3,4,4,4,4,4,5,4,4,1,5,18,11,12,11,21
4,5,5,5,5,5,4,4,4,3,1,3,5,1,3,5,5,4,5,5,5,5, ,1,5,20,12,13,13,24
4,5,3,5,4,3,4,4,3,1,2,1,2,5,2,3,3,3,4,3,4,3,4,1,6,15,11,11,8,17
5,3,4,4,4,2,3,4,3,3,2,2,4,4,3,3,4,3,3,4,4,4,6,2,2,14,10,15,10,18
5,3,2,2,3,3,1,3,3,3,3,1,3,4,2,2,1,2,2,4,3,5,5,1,2,10,7,14,5,16
6,4,3,4,4,3,4,3,3,3,2,2,4,2,3,4,4,3,3,3,3,4,6,1,2,14,10,13,11,16
6,5,4,3,4,2,5,3,5,3,2,2,3,2,3,4,4,4,4,4,5,5,7,2,2,13,13,12,11,22
6,4,4,3,2,4,3,3,4,2,3,2,2,3,3,4,4,3,3,4,3,4,5,2,1,13,10,12,11,17
6,4,4,4,5,3,3,3,4,3,3,2,3,3,3,4,5,3,4,4,4,5,6,1,3,16,10,14,12,20
6,4,2,5,5,4,4,5,4,1,5,1,5,1,3,5,5,4,5,5,5,5,2,2,3,16,13,13,13,24
6,4,4,5,5,3,3,4,3,5,1,1,5,1,4,4,5,5,3,5,5,5,6,2,4,17,10,13,13,23
6,4,4,5,4,2,5,5,4,3,3,3,3,4,3,5,4,4,4,5,5,4, ,1,7,15,14,16,12,22
6,4,3,5,5,4,3,3,3,3,5,2,1,1,3,4,4,3,3,4,2,4,4,2,5,17,9,12,11,16
6,4,2,5,4,4,3,4,3,3,3,3,3,2,5,4,4,4,5,4,4,4,7,1,2,15,10,14,13,21
6,4,3,4,4,4,4,4,4,3,3,3,2,2,4,4,4,4,4,4,4,4,7,1,4,15,12,13,12,20
6,4,3,5,4,3,3,4,4,3,3,2,1,1,1,4,4,3,3,4,4,4,7,1,6,15,11,10,9,18
6,5,3,5,4,3,5,5,4,3,3,3,5,3,5,4,5,3,5,4,5,5,5,2,2,15,14,17,14,22
6,4,2,3,2,1,4,4,4,3,3,3,4,5,2,3,4,3,3,3,3,3,7,2,2,8,12,18,9,15
6,4,4,5,5,4,1,3,4,1,5,2,4,3,2,3,4,3,1,3,3,4,6,2,4,18,8,15,9,14
6,4,3,4,4,3,3,4,3,3,3,2,4,2,2,3,3,3,3,3,3,3,4,2,2,14,10,14,8,15
6,4,1,5,5,1,3,3,1,3,3,3,3,3,3,3,5,3,3,3,3,5,6,2,4,12,7,15,11,17
6,4,4,5,5,4,3,3,3,3,3,2,3,1,3,5,5,4,5,5,4,4,4,1,4,18,9,12,13,22
6,4,4,4,5,3,3,4,4,3,1,1,4,3,3,4,5,3,4,4,3,5,6,1,4,16,11,12,12,19
6,4,4,4,4,2,4,4,3,2,3,2,1,2,2,3,4,3,4,3,4,4,7,1,4,14,11,10,9,18
6,4,2,2,2,2,4,4,4,3,1,2,1,2,1,4,3,3,3,3,3,5,7,2,4,8,12,9,8,17
6,5,2,4,5,4,4,5,4,2,2,4,4,4,4,5,5,4,4,5,4,5,5,2,1,15,13,16,14,22
6,4,2,3,3,3,3,5,2,3,2,2,2,4,3,2,4,3,3,2,3,2,5,2,2,11,10,13,9,13
6,5,4,4,5,2,3,3,4,3,2,3,3,1,3,5,5,3,3,5,5,4,6,1,5,15,10,12,13,20
6,4,2,2,2,2,4,3,3,3,3,3,3,5,3,4,4,3,3,4,4,4,6,2,4,8,10,17,11,18
6,4,2,2,2,2,3,3,1,1,3,3,1,3,3,3,3,3,3,3,3,3,7,1,6,8,7,11,9,15
6,4,3,2,3,3,4,4,4,3,3,3,3,3,3,4,4,4,4,4,4,4,6,1,4,11,12,15,11,20
6,4,2,2,3,2,3,3,2,2,3,3,4,4,2,2,3,2,1,2,2,2,2,1,5,9,8,16,7,9
7,5,3,2,2,2,5,5,5,3,3,3,4,2,5,5,5,4,5,5,5,5,5,2,1,9,15,15,15,24
7,5,5,5,4,4,3,2,5,3,5,3,3,4,5,4,3,4,4,4,3,3,3,1,5,18,10,18,12,18
7,5,3,4,4,2,4,4,4,3,3,2,4,3,2,4,5,3,4,4,4,5,4,1,2,13,12,15,11,20
7,4,3,2,3,3,4,4,3,3,3,3,2,4,4,4,4,4,4,4,4,4,5,2,2,11,11,15,12,20
7,5,3,3,2,1,4,5,5,3,3,3,3,3,4,5,5,4,5,5,5,5,7,2,4,9,14,15,14,24
7,4,4,4,4,1,5,3,5,2,1,3,4,1,2,5,5,5,5,5,5,5,6,1,2,13,13,11,12,25
7,5,2,5,4,4,4,4,5,3,3,2,2,4,2,4,5,3,3,4,4,5,7,2,2,15,13,14,11,19
7,5,5,1,4,5,5,5,5,3,1,3,1,2,5,5,5,5,5,5,5,5,4,1,5,15,15,10,15,25
7,5,3,5,5,5,5,5,5,3,2,4,2,1,2,5,5,5,5,5,5,5,2,1,5,18,15,12,12,25
7,5,3,4,3,2,3,5,4,3,4,3,4,4,2,4,4,3,4,4,4,5,6,1,2,12,12,18,10,20
7,5,3,3,3,3,4,5,5,3,3,5,1,4,5,5,5,5,5,5,5,5,7,2,2,12,14,16,15,25
7,5,2,3,4,2,5,5,5,3,3,3,3,3,3,5,5,4,5,5,5,5,4,2,4,11,15,15,13,24
7,4,2,2,3,2,4,4,4,1,3,3,3,2,5,4,4,4,4,4,4,4,4,1,4,9,12,12,13,20
7,5,3,5,4,2,5,5,4,3,2,4,3,1,4,5,5,3,4,5,5,4,6,1,5,14,14,13,14,21
1,2,3,3,4,4,1,1,1,3,1,1,2,4,1,1,1,1,1,1,1,1,7,1,4,14,3,11,3,5
1,3,2,5,5,4,1,1,1,2,1,1,5,1,1,3,3,3,2,2,2,2,6,1,3,16,3,10,7,11
1,1,5,5,5,3,1,1,1,1,1,1,3,1,1,1,1,1,1,1,1,1,3,2,5,18,3,7,3,5
1,2,4,5,5,5,1,1,1,4,1,1,5,1,1,3,3,2,2,2,4,4,7,1,4,19,3,12,7,14
1,3,3,3,4,4,1,1,3,1,1,1,5,1,1,3,3,2,2,2,3,3,6,2,5,14,5,9,7,12
2,4,3,5,5,3,1,1,1,5,1,1,5,1,1,1,2,1,1,5,1,4,6,2,4,16,3,13,4,12
2,4,4,5,5,5,2,3,4,3,3,2,5,1,3,3,4,4,3,4,4,3,7,2,4,19,9,14,10,18
3,3,2,4,4,2,1,3,3,3,3,1,3,1,3,3,3,3,3,3,3,3, ,1,4,12,7,11,9,15
3,3,5,3,3,3,1,1,1,3,1,1,1,5,1,1,1,2,1,1,1,1,7,1,4,14,3,11,3,6
3,2,2,4,4,2,2,3,2,3,3,3,4,4,3,3,3,3,3,3,3,3,6,2,2,12,7,17,9,15
3,3,4,4,4,5,3,3,3,3,3,3,3,3,3,3,3,3,3,3,3,3,6,1,4,17,9,15,9,15
3,3,5,5,4,2,1,1,1,1,5,1,5,5,1,3,3,3,1,3,3,3,6,1,3,16,3,17,7,13
3,3,3,4,5,4,4,3,3,2,1,2,4,3,3,4,3,3,3,4,4,3,6,1,7,16,10,12,10,17
3,3,1,1,1,1,1,3,1,1,3,5,1,1,1,3,1,3,3,1,3,1,3,2,5,4,5,11,5,11
4,4,3,3,3,2,1,1,1,1,3,1,4,4,4,3,3,3,3,3,3,2,7,1,5,11,3,13,10,14
4,4,2,5,5,2,3,4,3,3,2,1,5,4,2,5,4,4,4,5,5,3,7,2,2,14,10,15,11,21
4,4,3,5,5,3,4,3,3,1,2,1,4,1,4,1,2,3,5,1,1,1,7,2,2,16,10,9,7,11
4,4,1,3,1,1,1,4,2,3,2,2,4,3,1,2,2,3,1,2,4,5,7,1,4,6,7,14,5,15
4,4,4,4,4,4,3,2,1,3,4,1,4,5,3,4,4,3,2,4,3,4,7,1,3,16,6,17,11,16
4,4,3,5,5,5,3,2,3,3,3,2,5,2,1,4,3,2,3,3,3,2,6,1,6,18,8,15,8,13
4,5,5,5,5,5,5,5,3,1,4,3,2,4,3,4,4,3,5,4,5,4,6,1,5,20,13,14,11,21
4,4,4,4,4,4,2,3,2,1,3,2,5,4,1,1,1,2,1,2,2,1,6,1,5,16,7,15,3,8
4,5,2,5,4,2,4,3,3,3,3,1,5,3,4,3,3,3,4,5,2,3,4,2,2,13,10,15,10,17
4,4,3,2,2,4,4,3,3,3,3,2,3,3,4,3,3,4,3,2,4,3,4,1,2,11,10,14,10,16
4,4,4,4,3,3,4,4,4,4,4,1,2,2,4,2,2,4,2,4,4,1,3,1,4,14,12,13,8,15
4,4,1,1,1,1,3,3,3,2,3,3,1,5,3,3,4,3,3,3,3,4,7,2,4,4,9,14,10,16
4,4,5,5,5,5,3,4,3,3,1,1,5,1,4,4,4,4,4,5,5,5,6,2,5,20,10,11,12,23
4,4,4,5,5,4,3,3,3,4,1,2,4,1,2,4,4,3,4,4,4,4,7,1,4,18,9,12,10,19
6,4,5,4,4,2,2,4,4,4,2,1,2,1,1,4,4,3,3,4,2,4,6,1,2,15,10,10,9,16
6,5,2,4,5,3,5,4,1,3,2,2,4,1,3,3,3,3,3,3,3,3,4,1,5,14,10,12,9,15
6,4,4,4,2,3,3,3,4,2,3,3,4,3,3,3,3,3,3,3,3,3,4,1,2,13,10,15,9,15
6,5,2,2,1,2,5,5,5,4,5,1,4,4,3,4,3,3,4,5,5,4,7,2,3,7,15,18,10,21
6,5,3,4,4,3,5,4,4,3,2,3,4,2,5,4,5,4,4,4,4,4,7,2,4,14,13,14,14,20
7,5,3,1,2,2,5,5,5,3,3,3,1,1,3,5,5,5,5,5,5,5,6,2,4,8,15,11,13,25
7,5,5,3,4,5,4,5,5,3,5,3,2,5,2,5,5,4,4,4,3,5,6,2,6,17,14,18,12,20
7,5,5,4,3,4,5,5,5,5,1,4,2,1,5,5,5,5,5,5,5,5,4,2,4,16,15,13,15,25
7,5,5,5,5,2,5,5,5,2,1,2,5,4,5,5,5,5,5,5,5,5,7,1,4,17,15,14,15,25